"scenario","site","md","S_martin","S_wf","inc_days"
"NB","AveHazel","01-01",1,0.996517688290934,96
"NB","AveHazel","01-02",1,0.996326461074504,96
"NB","AveHazel","01-03",1,0.996129404183448,96
"NB","AveHazel","01-04",1,0.995884767683846,96
"NB","AveHazel","01-05",1,0.995579743132794,96
"NB","AveHazel","01-06",1,0.995594273522858,95
"NB","AveHazel","01-07",1,0.995268863882944,95
"NB","AveHazel","01-08",1,0.994957877554709,95
"NB","AveHazel","01-09",0.998994672347449,0.994602297723648,95
"NB","AveHazel","01-10",0.992196027022693,0.994128843691998,95
"NB","AveHazel","01-11",0.992196027022693,0.994145772215667,94
"NB","AveHazel","01-12",0.985286905193582,0.993669801632562,94
"NB","AveHazel","01-13",0.978775244666224,0.993201553634641,94
"NB","AveHazel","01-14",0.973581581020256,0.992762678556885,94
"NB","AveHazel","01-15",0.973581581020256,0.99278016228915,93
"NB","AveHazel","01-16",0.962694579646075,0.992194436010711,93
"NB","AveHazel","01-17",0.951132414274749,0.991586295670868,93
"NB","AveHazel","01-18",0.934303772028261,0.990782237097212,93
"NB","AveHazel","01-19",0.934303772028261,0.99080335160105,92
"NB","AveHazel","01-20",0.91872556697201,0.990041061216866,92
"NB","AveHazel","01-21",0.899180422167183,0.989083381223316,92
"NB","AveHazel","01-22",0.878128076849475,0.988018799637207,92
"NB","AveHazel","01-23",0.878128076849475,0.988021976701218,91
"NB","AveHazel","01-24",0.860225837399809,0.9871083617016,91
"NB","AveHazel","01-25",0.842226971050539,0.986172140768936,91
"NB","AveHazel","01-26",0.842226971050539,0.986201527000863,90
"NB","AveHazel","01-27",0.822311030755347,0.985135015296342,90
"NB","AveHazel","01-28",0.804304120030419,0.984161525068292,90
"NB","AveHazel","01-29",0.785775888838532,0.983135156660557,90
"NB","AveHazel","01-30",0.785775888838532,0.983176677415122,89
"NB","AveHazel","01-31",0.762081335685271,0.981715397624621,89
"NB","AveHazel","10-01",0.00082377132747737,0.000528749861057258,56.81
"NB","AveHazel","10-02",0.000898690684554856,0.00107955343238568,57.12
"NB","AveHazel","10-03",0.00098164359850772,0.00218909988693417,57.5
"NB","AveHazel","10-04",0.00109296057393748,0.00413910490577728,57.62
"NB","AveHazel","10-05",0.00122135759439398,0.00663808993011443,58.12
"NB","AveHazel","10-06",0.00138309464954707,0.00949748154012728,58.56
"NB","AveHazel","10-07",0.00158056187044983,0.0132533207664014,58.87
"NB","AveHazel","10-08",0.0018096216240429,0.0180921530079362,59.31
"NB","AveHazel","10-09",0.00208180012313193,0.0241571327400819,59.62
"NB","AveHazel","10-10",0.00240145942993343,0.0316200301411365,60.12
"NB","AveHazel","10-11",0.00278426437328924,0.0388651176693811,60.62
"NB","AveHazel","10-12",0.00323324993193017,0.0472596623299051,61.12
"NB","AveHazel","10-13",0.0037532339599165,0.0552124416399191,61.62
"NB","AveHazel","10-14",0.00435074861348832,0.0637867091220431,62.12
"NB","AveHazel","10-15",0.00503911646618929,0.0728069700496512,62.68
"NB","AveHazel","10-16",0.00583080670352244,0.082985825645074,63.37
"NB","AveHazel","10-17",0.00673406915842951,0.093363327899125,63.93
"NB","AveHazel","10-18",0.00781517217618112,0.107556133183807,64.62
"NB","AveHazel","10-19",0.00921832879553428,0.132998081039377,65.18
"NB","AveHazel","10-20",0.0108001516635217,0.157715584953512,65.93
"NB","AveHazel","10-21",0.0126290797830551,0.187230716688968,66.68
"NB","AveHazel","10-22",0.014796799889927,0.222610083757578,67.43
"NB","AveHazel","10-23",0.0173578253567684,0.264468942557792,68.24
"NB","AveHazel","10-24",0.0203775080348132,0.314633062430166,69.18
"NB","AveHazel","10-25",0.0238937410805213,0.368050979150921,69.87
"NB","AveHazel","10-26",0.0279795667207177,0.424898002236901,70.68
"NB","AveHazel","10-27",0.032644447821582,0.483210962379042,71.43
"NB","AveHazel","10-28",0.0377622257048644,0.527341738338637,72.24
"NB","AveHazel","10-29",0.0435774791324873,0.570998803529465,73.24
"NB","AveHazel","10-30",0.0502646418634753,0.619291287126796,74.18
"NB","AveHazel","10-31",0.0578920340310257,0.667402441574814,74.93
"NB","AveHazel","11-01",0.0664773900842405,0.710458750670389,75.74
"NB","AveHazel","11-02",0.0761549613927676,0.750092598137158,76.62
"NB","AveHazel","11-03",0.0865975818035707,0.779209706075203,77.43
"NB","AveHazel","11-04",0.0981665804292135,0.806387241236029,78.18
"NB","AveHazel","11-05",0.110416465089121,0.829053885283654,79.06
"NB","AveHazel","11-06",0.123834080875014,0.850574065983544,79.87
"NB","AveHazel","11-07",0.138067416223664,0.867141804083841,80.49
"NB","AveHazel","11-08",0.153026726706187,0.880881450681824,81.31
"NB","AveHazel","11-09",0.169517476923571,0.896046976163232,81.87
"NB","AveHazel","11-10",0.186967981059665,0.909591906329178,82.49
"NB","AveHazel","11-11",0.205918140476578,0.920692868510813,83.37
"NB","AveHazel","11-12",0.226275017215151,0.929832703347554,84.31
"NB","AveHazel","11-13",0.248414439682804,0.938574234980137,84.68
"NB","AveHazel","11-14",0.273465471751584,0.947785599313277,85.49
"NB","AveHazel","11-15",0.300176755250396,0.955727604983325,86.31
"NB","AveHazel","11-16",0.327944796606231,0.961594474047072,86.74
"NB","AveHazel","11-17",0.356862570280499,0.966027069478943,87.56
"NB","AveHazel","11-18",0.387723860243391,0.970086620606283,87.93
"NB","AveHazel","11-19",0.419114769080994,0.973540092814687,88.74
"NB","AveHazel","11-20",0.451069710932156,0.97660820928534,89.5
"NB","AveHazel","11-21",0.484734203317081,0.979510575789423,89.74
"NB","AveHazel","11-22",0.519339812941665,0.98203175954941,90.5
"NB","AveHazel","11-23",0.556750347576974,0.984634003645121,90.74
"NB","AveHazel","11-24",0.594773046737316,0.986787276403156,91.56
"NB","AveHazel","11-25",0.634761733784843,0.988907988161964,92.12
"NB","AveHazel","11-26",0.677977755360335,0.99096296376848,92.62
"NB","AveHazel","11-27",0.722885225987653,0.992829004356297,93
"NB","AveHazel","11-28",0.765197554003824,0.994184494688864,93.24
"NB","AveHazel","11-29",0.806145873460448,0.995233640273325,94
"NB","AveHazel","11-30",0.847503902714217,0.996257025756596,94.24
"NB","AveHazel","12-01",0.886166466863242,0.997075631866936,95
"NB","AveHazel","12-02",0.907155087160685,0.997309337646559,95
"NB","AveHazel","12-03",0.927004577736792,0.997525622532168,95
"NB","AveHazel","12-04",0.94534434326899,0.997698371557252,95.24
"NB","AveHazel","12-05",0.960430923639295,0.997819118146489,96
"NB","AveHazel","12-06",0.972793610334783,0.997944024780969,96
"NB","AveHazel","12-07",0.983729102117954,0.998041374979285,96
"NB","AveHazel","12-08",0.992338420424118,0.998124667734555,96
"NB","AveHazel","12-09",0.997958527720382,0.998187804689071,96.24
"NB","AveHazel","12-10",1,0.998195701130642,97
"NB","AveHazel","12-11",1,0.998219412570303,97
"NB","AveHazel","12-12",1,0.998232220700301,97
"NB","AveHazel","12-13",1,0.998245411432562,97
"NB","AveHazel","12-14",1,0.998247341319368,97
"NB","AveHazel","12-15",1,0.998228082963797,97
"NB","AveHazel","12-16",1,0.99819210430473,97
"NB","AveHazel","12-17",1,0.998154237746439,97
"NB","AveHazel","12-18",1,0.998089206142268,97
"NB","AveHazel","12-19",1,0.998016379733681,97
"NB","AveHazel","12-20",1,0.997935333808713,97
"NB","AveHazel","12-21",1,0.997839699990273,97
"NB","AveHazel","12-22",1,0.997749119166891,97
"NB","AveHazel","12-23",1,0.997646057196028,97
"NB","AveHazel","12-24",1,0.997544033257183,97
"NB","AveHazel","12-25",1,0.997433772667538,97
"NB","AveHazel","12-26",1,0.997291782380663,97
"NB","AveHazel","12-27",1,0.997143360729916,97
"NB","AveHazel","12-28",1,0.996974162821307,97
"NB","AveHazel","12-29",1,0.996835535178459,97
"NB","AveHazel","12-30",1,0.996675372549013,97
"NB","AveHazel","12-31",1,0.996691892002303,96
"NB","AveWatt","01-01",0.912048921513724,0.990595006929121,93
"NB","AveWatt","01-02",0.912048921513724,0.990614763905336,92
"NB","AveWatt","01-03",0.894486136705485,0.989749494302825,92
"NB","AveWatt","01-04",0.876778143047285,0.988862731258094,92
"NB","AveWatt","01-05",0.864288593155034,0.988191551648423,92
"NB","AveWatt","01-06",0.864288593155034,0.988213965095374,91
"NB","AveWatt","01-07",0.845792666758558,0.987253341139806,91
"NB","AveWatt","01-08",0.825226774255587,0.986141755414636,91
"NB","AveWatt","01-09",0.797908604174975,0.984419722026892,91
"NB","AveWatt","01-10",0.797908604174975,0.984441881618893,90
"NB","AveWatt","01-11",0.773901976712948,0.98296625967564,90
"NB","AveWatt","01-12",0.747539896872757,0.981171194339102,90
"NB","AveWatt","01-13",0.747539896872757,0.981199226209565,89
"NB","AveWatt","01-14",0.726196964340437,0.979837785125001,89
"NB","AveWatt","01-15",0.703353940813177,0.978244132933702,89
"NB","AveWatt","01-16",0.680289161607604,0.976567144160219,89
"NB","AveWatt","01-17",0.680289161607604,0.976594808048222,88
"NB","AveWatt","01-18",0.658156416459432,0.974943606873022,88
"NB","AveWatt","01-19",0.63388870310185,0.972896744581727,88
"NB","AveWatt","01-20",0.63388870310185,0.972929866010356,87
"NB","AveWatt","01-21",0.608060602755342,0.970456480004882,87
"NB","AveWatt","01-22",0.579215540468516,0.966992358545993,87
"NB","AveWatt","01-23",0.549713515117855,0.962878228375236,87
"NB","AveWatt","01-24",0.549713515117855,0.96292254930175,86
"NB","AveWatt","01-25",0.519372879258844,0.957852865310411,86
"NB","AveWatt","01-26",0.489912282868153,0.952404053069459,86
"NB","AveWatt","01-27",0.489912282868153,0.952407912805647,85
"NB","AveWatt","01-28",0.460748240233977,0.946157228251021,85
"NB","AveWatt","01-29",0.431247150386739,0.938353653377199,85
"NB","AveWatt","01-30",0.431247150386739,0.938429088733851,84
"NB","AveWatt","01-31",0.405711199467161,0.932383649713841,84
"NB","AveWatt","10-01",0.000919382249484636,5.0862635707953e-05,57.12
"NB","AveWatt","10-02",0.00106397828607643,0.000141627276569105,57.56
"NB","AveWatt","10-03",0.00123843047295026,0.000308967420128673,57.93
"NB","AveWatt","10-04",0.00143293666852772,0.000576904352262751,58.56
"NB","AveWatt","10-05",0.00166624858911856,0.00109738358406913,58.93
"NB","AveWatt","10-06",0.00194955229567515,0.00227517002175311,59.56
"NB","AveWatt","10-07",0.00229494757538219,0.00537114968195935,59.93
"NB","AveWatt","10-08",0.00270859588135129,0.0108112342679691,60.56
"NB","AveWatt","10-09",0.00320224342970093,0.0170827492495564,60.99
"NB","AveWatt","10-10",0.00377474637450315,0.0248183749582624,61.75
"NB","AveWatt","10-11",0.00443895503810011,0.0317906482702942,61.99
"NB","AveWatt","10-12",0.00521183714593395,0.0394489749270563,62.87
"NB","AveWatt","10-13",0.00609531295707127,0.0464131835548941,63.37
"NB","AveWatt","10-14",0.00710916616085892,0.0538274746589073,63.93
"NB","AveWatt","10-15",0.00831336039175851,0.0640998220652174,64.68
"NB","AveWatt","10-16",0.0097223036428442,0.0760010530771564,65.37
"NB","AveWatt","10-17",0.0113554283917454,0.089400234221153,65.93
"NB","AveWatt","10-18",0.0133151800097673,0.105966440903278,66.74
"NB","AveWatt","10-19",0.0157709466014339,0.131313083162358,67.68
"NB","AveWatt","10-20",0.0185816114575831,0.159257222953177,68.43
"NB","AveWatt","10-21",0.021786517500995,0.189618092756621,69.18
"NB","AveWatt","10-22",0.0255532852998312,0.228255243202649,69.93
"NB","AveWatt","10-23",0.0300719730300224,0.274721235590994,70.74
"NB","AveWatt","10-24",0.0353817922015375,0.328715274727071,71.74
"NB","AveWatt","10-25",0.0413927687621015,0.375721229184323,72.68
"NB","AveWatt","10-26",0.0481584578030564,0.418470739707629,73.43
"NB","AveWatt","10-27",0.0559643650859648,0.466956759430045,74.37
"NB","AveWatt","10-28",0.0649025737880601,0.515272645885917,75.18
"NB","AveWatt","10-29",0.0755031365927131,0.57735525952064,75.99
"NB","AveWatt","10-30",0.0877675599267973,0.642207001424406,76.99
"NB","AveWatt","10-31",0.10200933588438,0.715611651585999,77.93
"NB","AveWatt","11-01",0.117820431252311,0.772070080836966,78.68
"NB","AveWatt","11-02",0.134743141738996,0.809718975620435,79.43
"NB","AveWatt","11-03",0.152555539829043,0.833479581647866,80.18
"NB","AveWatt","11-04",0.17196526339468,0.855041478334183,80.99
"NB","AveWatt","11-05",0.191936970158839,0.873079287602797,81.81
"NB","AveWatt","11-06",0.213951282423717,0.895316486641678,82.24
"NB","AveWatt","11-07",0.237099628790449,0.913288798050352,83.12
"NB","AveWatt","11-08",0.259642498068114,0.925010464697795,83.81
"NB","AveWatt","11-09",0.284908831741518,0.93825115979928,84.24
"NB","AveWatt","11-10",0.31113323007562,0.949454666416779,85.12
"NB","AveWatt","11-11",0.339269860169942,0.958068795510258,85.68
"NB","AveWatt","11-12",0.368094417587128,0.963423285901431,86.43
"NB","AveWatt","11-13",0.399263904719221,0.968799255185407,87.06
"NB","AveWatt","11-14",0.434497045943714,0.974710796480983,87.49
"NB","AveWatt","11-15",0.469776870242199,0.97932695871945,88.25
"NB","AveWatt","11-16",0.50448527807308,0.982632977750278,88.49
"NB","AveWatt","11-17",0.539799054495623,0.984899680424736,89.25
"NB","AveWatt","11-18",0.575510448065324,0.986809279235078,89.37
"NB","AveWatt","11-19",0.608765797596354,0.9883295281335,89.87
"NB","AveWatt","11-20",0.640266805597639,0.989787997149062,90.31
"NB","AveWatt","11-21",0.672234832810622,0.991090971162314,90.62
"NB","AveWatt","11-22",0.703041755101945,0.992153736407464,91.12
"NB","AveWatt","11-23",0.737445227251788,0.993298757612084,91.56
"NB","AveWatt","11-24",0.770871556277656,0.994140705720672,91.87
"NB","AveWatt","11-25",0.805721637335197,0.994980243145493,92.37
"NB","AveWatt","11-26",0.840968031905054,0.995715127799028,92.62
"NB","AveWatt","11-27",0.871560827400623,0.996271052557819,92.81
"NB","AveWatt","11-28",0.894449360179977,0.996651857323106,93.12
"NB","AveWatt","11-29",0.913429522555962,0.996901734373226,93.43
"NB","AveWatt","11-30",0.929927838148921,0.997157884019617,94
"NB","AveWatt","12-01",0.947827123199796,0.997373051767782,94
"NB","AveWatt","12-02",0.959791699728657,0.997477953459235,94
"NB","AveWatt","12-03",0.972281507841702,0.997565484123093,94.24
"NB","AveWatt","12-04",0.982795324700781,0.997645535181268,94.24
"NB","AveWatt","12-05",0.988505201036175,0.997628241370042,95
"NB","AveWatt","12-06",0.993638618281517,0.99765415729182,95
"NB","AveWatt","12-07",0.997370773906889,0.997672441000352,95
"NB","AveWatt","12-08",1,0.9976645510986,95
"NB","AveWatt","12-09",1,0.997608693183859,95
"NB","AveWatt","12-10",1,0.997540013563869,95
"NB","AveWatt","12-11",1,0.99747591443681,95
"NB","AveWatt","12-12",1,0.997401141601882,95
"NB","AveWatt","12-13",1,0.99729718616795,95
"NB","AveWatt","12-14",1,0.997190100473434,95
"NB","AveWatt","12-15",1,0.99706647270566,95
"NB","AveWatt","12-16",1,0.996915322374811,95
"NB","AveWatt","12-17",1,0.996728169703313,95
"NB","AveWatt","12-18",1,0.9964491870688,95
"NB","AveWatt","12-19",1,0.996147539380346,95
"NB","AveWatt","12-20",0.995075084030599,0.995729013683649,95
"NB","AveWatt","12-21",0.98651960213338,0.995225880807105,95
"NB","AveWatt","12-22",0.98651960213338,0.99526143407188,94
"NB","AveWatt","12-23",0.980363278820259,0.994809668293436,94
"NB","AveWatt","12-24",0.973826728721311,0.994346921225714,94
"NB","AveWatt","12-25",0.966504582562536,0.99386386280424,94
"NB","AveWatt","12-26",0.962172070314185,0.993446212255319,94
"NB","AveWatt","12-27",0.95517589266471,0.992964051528276,94
"NB","AveWatt","12-28",0.95517589266471,0.992981971391394,93
"NB","AveWatt","12-29",0.946639684731305,0.992460926830712,93
"NB","AveWatt","12-30",0.936586947290039,0.991896973490404,93
"NB","AveWatt","12-31",0.927508118286633,0.991358983810315,93
"PB1","AveHazel","01-01",1,0.996517688290935,96
"PB1","AveHazel","01-02",1,0.996326461074458,96
"PB1","AveHazel","01-03",1,0.996129404183457,96
"PB1","AveHazel","01-04",1,0.995884767683873,96
"PB1","AveHazel","01-05",1,0.995579743132733,96
"PB1","AveHazel","01-06",1,0.995594273522854,95
"PB1","AveHazel","01-07",1,0.995268863882918,95
"PB1","AveHazel","01-08",1,0.994957877554709,95
"PB1","AveHazel","01-09",0.998994672347476,0.994602297723686,95
"PB1","AveHazel","01-10",0.992196027022705,0.994128843691987,95
"PB1","AveHazel","01-11",0.992196027022705,0.994145772215639,94
"PB1","AveHazel","01-12",0.985286905193581,0.993669801632536,94
"PB1","AveHazel","01-13",0.978775244666247,0.993201553634576,94
"PB1","AveHazel","01-14",0.973581581020256,0.992762678556836,94
"PB1","AveHazel","01-15",0.973581581020256,0.992780162289113,93
"PB1","AveHazel","01-16",0.962694579646119,0.992194436010764,93
"PB1","AveHazel","01-17",0.951132414274785,0.991586295670841,93
"PB1","AveHazel","01-18",0.93430377202828,0.990782237097211,93
"PB1","AveHazel","01-19",0.93430377202828,0.990803351601057,92
"PB1","AveHazel","01-20",0.918725566972048,0.99004106121688,92
"PB1","AveHazel","01-21",0.899180422167193,0.989083381223357,92
"PB1","AveHazel","01-22",0.878128076849471,0.988018799637207,92
"PB1","AveHazel","01-23",0.878128076849471,0.988021976701213,91
"PB1","AveHazel","01-24",0.860225837399841,0.987108361701582,91
"PB1","AveHazel","01-25",0.842226971050551,0.98617214076893,91
"PB1","AveHazel","01-26",0.842226971050551,0.986201527000832,90
"PB1","AveHazel","01-27",0.822311030755386,0.985135015296335,90
"PB1","AveHazel","01-28",0.804304120030459,0.984161525068297,90
"PB1","AveHazel","01-29",0.785775888838566,0.983135156660571,90
"PB1","AveHazel","01-30",0.785775888838566,0.983176677415147,89
"PB1","AveHazel","01-31",0.762081335685284,0.981715397624647,89
"PB1","AveHazel","10-01",0.00100735871818108,0.00738388080197097,57.75
"PB1","AveHazel","10-02",0.00111090159219657,0.0115539599453678,57.81
"PB1","AveHazel","10-03",0.00122047021946145,0.0177994741214845,58.06
"PB1","AveHazel","10-04",0.00135965771388015,0.0262239121050232,58.37
"PB1","AveHazel","10-05",0.00152843542948587,0.0341586198730801,58.87
"PB1","AveHazel","10-06",0.00173839012919578,0.0419804236990311,59.31
"PB1","AveHazel","10-07",0.00199215034682213,0.0515357421280815,59.62
"PB1","AveHazel","10-08",0.00228474121672896,0.0627845131762256,60.12
"PB1","AveHazel","10-09",0.00263386407065779,0.0752713105392886,60.56
"PB1","AveHazel","10-10",0.00305223805147384,0.0894756036840247,60.87
"PB1","AveHazel","10-11",0.00354170937725438,0.104398776351754,61.37
"PB1","AveHazel","10-12",0.00411406133949498,0.119369213498006,61.87
"PB1","AveHazel","10-13",0.00477570093795799,0.135668521848769,62.37
"PB1","AveHazel","10-14",0.00553599228189811,0.154693718436816,62.93
"PB1","AveHazel","10-15",0.0064118873193281,0.175149574545602,63.62
"PB1","AveHazel","10-16",0.00741925212775255,0.196511984060234,64.18
"PB1","AveHazel","10-17",0.00856858398374426,0.218535902316825,64.87
"PB1","AveHazel","10-18",0.00990851739670378,0.24323757812192,65.37
"PB1","AveHazel","10-19",0.0115492742980348,0.279160177703033,65.93
"PB1","AveHazel","10-20",0.0134182757311881,0.316463247151149,66.68
"PB1","AveHazel","10-21",0.0155447573238375,0.355569665099264,67.43
"PB1","AveHazel","10-22",0.0180206970908716,0.398313761030668,68.18
"PB1","AveHazel","10-23",0.020905364890786,0.444397780410184,68.87
"PB1","AveHazel","10-24",0.0242581165450539,0.493159696329272,69.49
"PB1","AveHazel","10-25",0.0281060452140879,0.543343812210156,70.43
"PB1","AveHazel","10-26",0.0325289263856116,0.598396566304518,71.24
"PB1","AveHazel","10-27",0.0375010045230923,0.651044424429561,72.18
"PB1","AveHazel","10-28",0.0426959334826797,0.683464350266221,72.87
"PB1","AveHazel","10-29",0.0482593904559366,0.709206140606562,73.43
"PB1","AveHazel","10-30",0.0545310601740644,0.73520766349776,74.43
"PB1","AveHazel","10-31",0.0615509176965007,0.76167178864891,75.18
"PB1","AveHazel","11-01",0.0692790543774804,0.785260080185549,75.93
"PB1","AveHazel","11-02",0.0778522477207538,0.80595214983653,76.68
"PB1","AveHazel","11-03",0.0869938319881531,0.821926028269891,77.43
"PB1","AveHazel","11-04",0.0969505075586965,0.837015577698313,78.12
"PB1","AveHazel","11-05",0.107320184731516,0.850158747190126,78.87
"PB1","AveHazel","11-06",0.118655927626907,0.861384197934346,79.49
"PB1","AveHazel","11-07",0.131188998201879,0.872579893403355,80.37
"PB1","AveHazel","11-08",0.14480921364763,0.88369538041418,80.87
"PB1","AveHazel","11-09",0.159804629037349,0.89593722584712,81.68
"PB1","AveHazel","11-10",0.175781262200111,0.907050541692382,82.49
"PB1","AveHazel","11-11",0.192945222630703,0.916049334908299,83.31
"PB1","AveHazel","11-12",0.211232339323288,0.92339393746749,83.68
"PB1","AveHazel","11-13",0.231043611589485,0.930337002269456,84.49
"PB1","AveHazel","11-14",0.253676761859581,0.938125172404306,85.31
"PB1","AveHazel","11-15",0.278881979938095,0.946368725499891,85.74
"PB1","AveHazel","11-16",0.305989306918013,0.953410219683616,86.62
"PB1","AveHazel","11-17",0.334389935281515,0.958796416504757,87.31
"PB1","AveHazel","11-18",0.364712197637864,0.963631322640775,87.74
"PB1","AveHazel","11-19",0.396014145399877,0.967835812828474,88.5
"PB1","AveHazel","11-20",0.42851053339649,0.971683507936598,88.93
"PB1","AveHazel","11-21",0.463119334255769,0.97532231121562,89.62
"PB1","AveHazel","11-22",0.49870370607497,0.978473990235899,90.12
"PB1","AveHazel","11-23",0.537398025944464,0.981732098315849,90.62
"PB1","AveHazel","11-24",0.577399648539152,0.984505974376218,91.18
"PB1","AveHazel","11-25",0.619303604476191,0.987107523356344,91.81
"PB1","AveHazel","11-26",0.664555068724331,0.989627306000657,92.24
"PB1","AveHazel","11-27",0.711646705833487,0.991902765448753,93
"PB1","AveHazel","11-28",0.756505558619738,0.993554620956823,93.24
"PB1","AveHazel","11-29",0.800613039946011,0.994855119256614,94
"PB1","AveHazel","11-30",0.84498632422906,0.996092857892917,94.24
"PB1","AveHazel","12-01",0.886166466863209,0.997075631866914,95
"PB1","AveHazel","12-02",0.907155087160664,0.997309337646578,95
"PB1","AveHazel","12-03",0.927004577736775,0.997525622532196,95
"PB1","AveHazel","12-04",0.945344343268974,0.997698371557283,95.24
"PB1","AveHazel","12-05",0.960430923639266,0.997819118146477,96
"PB1","AveHazel","12-06",0.972793610334747,0.997944024780986,96
"PB1","AveHazel","12-07",0.983729102117944,0.998041374979302,96
"PB1","AveHazel","12-08",0.992338420424106,0.998124667734558,96
"PB1","AveHazel","12-09",0.997958527720373,0.998187804689069,96.24
"PB1","AveHazel","12-10",1,0.998195701130589,97
"PB1","AveHazel","12-11",1,0.998219412570317,97
"PB1","AveHazel","12-12",1,0.998232220700357,97
"PB1","AveHazel","12-13",1,0.998245411432577,97
"PB1","AveHazel","12-14",1,0.998247341319334,97
"PB1","AveHazel","12-15",1,0.998228082963836,97
"PB1","AveHazel","12-16",1,0.998192104304713,97
"PB1","AveHazel","12-17",1,0.998154237746418,97
"PB1","AveHazel","12-18",1,0.9980892061423,97
"PB1","AveHazel","12-19",1,0.99801637973367,97
"PB1","AveHazel","12-20",1,0.997935333808751,97
"PB1","AveHazel","12-21",1,0.997839699990265,97
"PB1","AveHazel","12-22",1,0.997749119166854,97
"PB1","AveHazel","12-23",1,0.997646057196056,97
"PB1","AveHazel","12-24",1,0.997544033257189,97
"PB1","AveHazel","12-25",1,0.997433772667543,97
"PB1","AveHazel","12-26",1,0.997291782380615,97
"PB1","AveHazel","12-27",1,0.997143360729872,97
"PB1","AveHazel","12-28",1,0.99697416282132,97
"PB1","AveHazel","12-29",1,0.99683553517848,97
"PB1","AveHazel","12-30",1,0.996675372549,97
"PB1","AveHazel","12-31",1,0.996691892002207,96
"PB1","AveWatt","01-01",0.912048921513719,0.990595006928999,93
"PB1","AveWatt","01-02",0.912048921513719,0.990614763905444,92
"PB1","AveWatt","01-03",0.894486136705489,0.989749494302524,92
"PB1","AveWatt","01-04",0.87677814304728,0.98886273125837,92
"PB1","AveWatt","01-05",0.864288593155026,0.988191551647523,92
"PB1","AveWatt","01-06",0.864288593155026,0.988213965094789,91
"PB1","AveWatt","01-07",0.84579266675856,0.987253341140474,91
"PB1","AveWatt","01-08",0.825226774255582,0.986141755413873,91
"PB1","AveWatt","01-09",0.797908604174974,0.984419722027262,91
"PB1","AveWatt","01-10",0.797908604174974,0.984441881618941,90
"PB1","AveWatt","01-11",0.773901976712948,0.982966259675748,90
"PB1","AveWatt","01-12",0.747539896872758,0.981171194338971,90
"PB1","AveWatt","01-13",0.747539896872758,0.981199226209418,89
"PB1","AveWatt","01-14",0.726196964340437,0.979837785125471,89
"PB1","AveWatt","01-15",0.703353940813177,0.978244132933989,89
"PB1","AveWatt","01-16",0.680289161607601,0.976567144160677,89
"PB1","AveWatt","01-17",0.680289161607601,0.976594808047903,88
"PB1","AveWatt","01-18",0.658156416459429,0.97494360687268,88
"PB1","AveWatt","01-19",0.633888703101849,0.972896744582028,88
"PB1","AveWatt","01-20",0.633888703101849,0.972929866010632,87
"PB1","AveWatt","01-21",0.60806060275534,0.970456480004727,87
"PB1","AveWatt","01-22",0.57921554046851,0.966992358546541,87
"PB1","AveWatt","01-23",0.549713515117855,0.962878228375292,87
"PB1","AveWatt","01-24",0.549713515117855,0.962922549301109,86
"PB1","AveWatt","01-25",0.519372879258843,0.957852865310273,86
"PB1","AveWatt","01-26",0.489912282868152,0.952404053069012,86
"PB1","AveWatt","01-27",0.489912282868152,0.952407912805215,85
"PB1","AveWatt","01-28",0.460748240233976,0.946157228251404,85
"PB1","AveWatt","01-29",0.431247150386737,0.938353653376851,85
"PB1","AveWatt","01-30",0.431247150386737,0.938429088733987,84
"PB1","AveWatt","01-31",0.40571119946716,0.932383649713879,84
"PB1","AveWatt","10-01",0.00137495013588768,0.00106592725692399,58.18
"PB1","AveWatt","10-02",0.00157763424083721,0.00217494056544037,58.81
"PB1","AveWatt","10-03",0.00182281325111328,0.00401820084267324,59.18
"PB1","AveWatt","10-04",0.00211783800721009,0.00709036479150372,59.75
"PB1","AveWatt","10-05",0.00248437860338761,0.0111523460133144,59.99
"PB1","AveWatt","10-06",0.00291458215349099,0.0177173579269308,60.75
"PB1","AveWatt","10-07",0.00344298218069896,0.027448235167112,60.99
"PB1","AveWatt","10-08",0.00407242920106378,0.0425265479687286,61.81
"PB1","AveWatt","10-09",0.00481786549165195,0.0597870532111898,62.18
"PB1","AveWatt","10-10",0.00568107045602105,0.0762542230017717,62.99
"PB1","AveWatt","10-11",0.00668071807231701,0.0915131342872384,63.75
"PB1","AveWatt","10-12",0.00784392144366395,0.108279018771394,63.99
"PB1","AveWatt","10-13",0.00917357059921086,0.125106024832827,64.93
"PB1","AveWatt","10-14",0.0106994403958374,0.143200966161729,65.56
"PB1","AveWatt","10-15",0.0125117773291698,0.164075740014365,65.99
"PB1","AveWatt","10-16",0.0146322657233091,0.188861334335414,66.93
"PB1","AveWatt","10-17",0.0170901518543212,0.21588305201287,67.56
"PB1","AveWatt","10-18",0.0200405862375937,0.253226477957515,67.99
"PB1","AveWatt","10-19",0.0236916754916369,0.318327093078214,68.99
"PB1","AveWatt","10-20",0.0276467966036245,0.371451299496201,69.93
"PB1","AveWatt","10-21",0.0319170491314902,0.411447685007644,70.68
"PB1","AveWatt","10-22",0.0368496917510513,0.455191578624542,71.43
"PB1","AveWatt","10-23",0.042674437126289,0.496263037120241,72.24
"PB1","AveWatt","10-24",0.0494917628759949,0.544190483617735,73.18
"PB1","AveWatt","10-25",0.0572881958059692,0.593554755240903,73.93
"PB1","AveWatt","10-26",0.06587961510333,0.636362276069516,74.74
"PB1","AveWatt","10-27",0.0755598079036254,0.681704437598917,75.62
"PB1","AveWatt","10-28",0.086417463138745,0.722686167423681,76.43
"PB1","AveWatt","10-29",0.0990750412361816,0.769802859927636,77.18
"PB1","AveWatt","10-30",0.113439658858147,0.81287971876933,77.93
"PB1","AveWatt","10-31",0.129869542089545,0.860863636108624,78.74
"PB1","AveWatt","11-01",0.147679945838511,0.896093065287562,79.62
"PB1","AveWatt","11-02",0.165371837617976,0.914045783326794,80.18
"PB1","AveWatt","11-03",0.182092525910317,0.922459087750004,81.06
"PB1","AveWatt","11-04",0.199633543816617,0.930174520398987,81.62
"PB1","AveWatt","11-05",0.216767940656209,0.936013329409639,82.18
"PB1","AveWatt","11-06",0.235063074406386,0.943016419690948,82.81
"PB1","AveWatt","11-07",0.253611829508205,0.94848722720414,83.24
"PB1","AveWatt","11-08",0.270957153037549,0.952544576793404,84.12
"PB1","AveWatt","11-09",0.290194980032622,0.957093727964743,84.62
"PB1","AveWatt","11-10",0.309670484729668,0.961085773871371,85.06
"PB1","AveWatt","11-11",0.330707956160007,0.964282431325199,85.49
"PB1","AveWatt","11-12",0.354351343201929,0.967315377936491,86.25
"PB1","AveWatt","11-13",0.382018589832218,0.971176693230877,86.49
"PB1","AveWatt","11-14",0.41331418539569,0.975411622870315,87.31
"PB1","AveWatt","11-15",0.444966965940004,0.978810110164798,87.87
"PB1","AveWatt","11-16",0.475288435754987,0.981158209954309,88.31
"PB1","AveWatt","11-17",0.505559205952607,0.982813292093149,88.68
"PB1","AveWatt","11-18",0.535874594654305,0.984221624835585,89.31
"PB1","AveWatt","11-19",0.564471977898331,0.985425650709515,89.62
"PB1","AveWatt","11-20",0.595020982631153,0.986954738278189,90.12
"PB1","AveWatt","11-21",0.628966153911603,0.988721393957629,90.56
"PB1","AveWatt","11-22",0.662330787811752,0.990214348454246,90.93
"PB1","AveWatt","11-23",0.698835894413361,0.991723575852899,91.56
"PB1","AveWatt","11-24",0.735369608486705,0.992874250100939,91.62
"PB1","AveWatt","11-25",0.774603741035936,0.994039466952899,92.12
"PB1","AveWatt","11-26",0.814959547934256,0.995059670821124,92.56
"PB1","AveWatt","11-27",0.85041555464265,0.995826612373025,92.81
"PB1","AveWatt","11-28",0.878740346818769,0.996372446020524,93.06
"PB1","AveWatt","11-29",0.904040513924268,0.99676573229272,93.24
"PB1","AveWatt","11-30",0.926043474673564,0.997103622219023,94
"PB1","AveWatt","12-01",0.947827123199802,0.997373051767299,94
"PB1","AveWatt","12-02",0.95979169972866,0.997477953459936,94
"PB1","AveWatt","12-03",0.972281507841709,0.997565484123213,94.24
"PB1","AveWatt","12-04",0.982795324700782,0.99764553518092,94.24
"PB1","AveWatt","12-05",0.988505201036177,0.997628241370203,95
"PB1","AveWatt","12-06",0.993638618281514,0.997654157291804,95
"PB1","AveWatt","12-07",0.997370773906896,0.997672440999576,95
"PB1","AveWatt","12-08",1,0.997664551097956,95
"PB1","AveWatt","12-09",1,0.997608693183776,95
"PB1","AveWatt","12-10",1,0.997540013564286,95
"PB1","AveWatt","12-11",1,0.997475914436818,95
"PB1","AveWatt","12-12",1,0.997401141602252,95
"PB1","AveWatt","12-13",1,0.997297186167843,95
"PB1","AveWatt","12-14",1,0.997190100473573,95
"PB1","AveWatt","12-15",1,0.997066472705765,95
"PB1","AveWatt","12-16",1,0.996915322374366,95
"PB1","AveWatt","12-17",1,0.99672816970309,95
"PB1","AveWatt","12-18",1,0.996449187068613,95
"PB1","AveWatt","12-19",1,0.996147539380739,95
"PB1","AveWatt","12-20",0.995075084030595,0.995729013683545,95
"PB1","AveWatt","12-21",0.986519602133371,0.995225880806816,95
"PB1","AveWatt","12-22",0.986519602133371,0.995261434071803,94
"PB1","AveWatt","12-23",0.980363278820256,0.99480966829415,94
"PB1","AveWatt","12-24",0.97382672872131,0.99434692122514,94
"PB1","AveWatt","12-25",0.966504582562531,0.9938638628037,94
"PB1","AveWatt","12-26",0.962172070314183,0.993446212254696,94
"PB1","AveWatt","12-27",0.95517589266471,0.9929640515277,94
"PB1","AveWatt","12-28",0.95517589266471,0.992981971391534,93
"PB1","AveWatt","12-29",0.946639684731302,0.9924609268302,93
"PB1","AveWatt","12-30",0.936586947290037,0.99189697349007,93
"PB1","AveWatt","12-31",0.927508118286631,0.991358983810518,93
"PB2","AveHazel","01-01",1,0.996517688290921,96
"PB2","AveHazel","01-02",1,0.996326461074458,96
"PB2","AveHazel","01-03",1,0.996129404183499,96
"PB2","AveHazel","01-04",1,0.995884767683821,96
"PB2","AveHazel","01-05",1,0.995579743132772,96
"PB2","AveHazel","01-06",1,0.995594273522843,95
"PB2","AveHazel","01-07",1,0.995268863882939,95
"PB2","AveHazel","01-08",1,0.994957877554647,95
"PB2","AveHazel","01-09",0.998994672347467,0.994602297723684,95
"PB2","AveHazel","01-10",0.99219602702271,0.994128843691919,95
"PB2","AveHazel","01-11",0.99219602702271,0.994145772215589,94
"PB2","AveHazel","01-12",0.985286905193584,0.993669801632564,94
"PB2","AveHazel","01-13",0.978775244666237,0.993201553634613,94
"PB2","AveHazel","01-14",0.973581581020258,0.992762678556911,94
"PB2","AveHazel","01-15",0.973581581020258,0.992780162289104,93
"PB2","AveHazel","01-16",0.962694579646103,0.992194436010735,93
"PB2","AveHazel","01-17",0.951132414274772,0.991586295670883,93
"PB2","AveHazel","01-18",0.934303772028278,0.990782237097159,93
"PB2","AveHazel","01-19",0.934303772028278,0.990803351600985,92
"PB2","AveHazel","01-20",0.918725566972035,0.990041061216868,92
"PB2","AveHazel","01-21",0.899180422167183,0.989083381223289,92
"PB2","AveHazel","01-22",0.878128076849474,0.988018799637167,92
"PB2","AveHazel","01-23",0.878128076849474,0.988021976701188,91
"PB2","AveHazel","01-24",0.860225837399831,0.987108361701664,91
"PB2","AveHazel","01-25",0.842226971050555,0.986172140768872,91
"PB2","AveHazel","01-26",0.842226971050555,0.986201527000827,90
"PB2","AveHazel","01-27",0.822311030755371,0.985135015296357,90
"PB2","AveHazel","01-28",0.804304120030443,0.984161525068339,90
"PB2","AveHazel","01-29",0.785775888838554,0.983135156660537,90
"PB2","AveHazel","01-30",0.785775888838554,0.98317667741517,89
"PB2","AveHazel","01-31",0.762081335685285,0.981715397624651,89
"PB2","AveHazel","10-01",0.0015806591357229,0.0354203054651001,59.12
"PB2","AveHazel","10-02",0.00172222448566437,0.0480986782894492,59.5
"PB2","AveHazel","10-03",0.00194103117978577,0.0649030709207334,59.56
"PB2","AveHazel","10-04",0.00220603429901422,0.085112564946328,59.87
"PB2","AveHazel","10-05",0.00250840660711019,0.101913678106538,60.37
"PB2","AveHazel","10-06",0.00286688742101047,0.118368427984993,60.87
"PB2","AveHazel","10-07",0.00329651183574385,0.138321224693026,61.31
"PB2","AveHazel","10-08",0.00380989960045772,0.162562805718237,61.68
"PB2","AveHazel","10-09",0.00442032135318836,0.187288373765191,62.31
"PB2","AveHazel","10-10",0.00513673468382468,0.210484007633799,62.62
"PB2","AveHazel","10-11",0.00596686342005798,0.235320778506671,63.12
"PB2","AveHazel","10-12",0.00693112830549013,0.26197862011358,63.68
"PB2","AveHazel","10-13",0.008045819743101,0.290954144605779,64.37
"PB2","AveHazel","10-14",0.00932671383279611,0.320977889553113,64.87
"PB2","AveHazel","10-15",0.010802370218443,0.353518558216354,65.37
"PB2","AveHazel","10-16",0.0124995191332144,0.389321004139097,65.87
"PB2","AveHazel","10-17",0.0144358457705908,0.421963657512267,66.49
"PB2","AveHazel","10-18",0.0166348428496173,0.453597236915897,67.37
"PB2","AveHazel","10-19",0.0191412100909971,0.486726701272942,67.87
"PB2","AveHazel","10-20",0.0219792864971784,0.520483563095088,68.43
"PB2","AveHazel","10-21",0.025197327230189,0.558228332685957,69.18
"PB2","AveHazel","10-22",0.0288730183001393,0.598051594176206,69.93
"PB2","AveHazel","10-23",0.0330923662716859,0.635434497649559,70.68
"PB2","AveHazel","10-24",0.0379428750721538,0.675191536625814,71.43
"PB2","AveHazel","10-25",0.0434477886838331,0.716192209414916,72.24
"PB2","AveHazel","10-26",0.0497006977618717,0.756438640014909,73.12
"PB2","AveHazel","10-27",0.0565667660876022,0.793829927320764,73.68
"PB2","AveHazel","10-28",0.0633030063439947,0.814958807138497,74.43
"PB2","AveHazel","10-29",0.0701981221921193,0.831024094240135,75.12
"PB2","AveHazel","10-30",0.0778434349318736,0.847267587571292,76.06
"PB2","AveHazel","10-31",0.0862928110957415,0.863741370032742,76.43
"PB2","AveHazel","11-01",0.0953591645047589,0.87892052545658,77.24
"PB2","AveHazel","11-02",0.105237804147071,0.890734101514997,78.06
"PB2","AveHazel","11-03",0.115598593150401,0.900902490747096,78.62
"PB2","AveHazel","11-04",0.126651188296501,0.909690281185512,79.18
"PB2","AveHazel","11-05",0.137974233031131,0.916601282129696,80.06
"PB2","AveHazel","11-06",0.150058132810859,0.92219828812607,80.43
"PB2","AveHazel","11-07",0.162563262566343,0.926926694817513,81.18
"PB2","AveHazel","11-08",0.175258995366218,0.931135531615737,81.81
"PB2","AveHazel","11-09",0.189070193082011,0.935686869730754,82.43
"PB2","AveHazel","11-10",0.203634203315103,0.940055500103579,83.12
"PB2","AveHazel","11-11",0.219170774662485,0.94361941585377,83.62
"PB2","AveHazel","11-12",0.235450014136584,0.946578735049588,84.31
"PB2","AveHazel","11-13",0.253016069083207,0.949603292630644,84.74
"PB2","AveHazel","11-14",0.273312679090295,0.953131779533046,85.5
"PB2","AveHazel","11-15",0.296958517971894,0.957593446813788,85.93
"PB2","AveHazel","11-16",0.323020494763866,0.962203060885803,86.74
"PB2","AveHazel","11-17",0.350245826076564,0.966047661304874,87.5
"PB2","AveHazel","11-18",0.37905384735255,0.969400471250785,87.74
"PB2","AveHazel","11-19",0.408343538982166,0.972246534817041,88.56
"PB2","AveHazel","11-20",0.438785446402248,0.974934875780228,89.31
"PB2","AveHazel","11-21",0.470966936451386,0.977607161595946,89.62
"PB2","AveHazel","11-22",0.504334298211264,0.980049693186195,90.31
"PB2","AveHazel","11-23",0.541013108447543,0.982714242513536,90.62
"PB2","AveHazel","11-24",0.579287966102533,0.985120304085197,91.18
"PB2","AveHazel","11-25",0.620092771452867,0.98749940917168,91.81
"PB2","AveHazel","11-26",0.663755415088019,0.989772602524065,92.24
"PB2","AveHazel","11-27",0.709210969327005,0.991844124525544,93
"PB2","AveHazel","11-28",0.753179627502381,0.9934153838593,93.24
"PB2","AveHazel","11-29",0.796966706288832,0.994668800967229,94
"PB2","AveHazel","11-30",0.842463813270463,0.995940072738678,94.24
"PB2","AveHazel","12-01",0.88616646686322,0.99707563186691,95
"PB2","AveHazel","12-02",0.907155087160672,0.997309337646509,95
"PB2","AveHazel","12-03",0.927004577736785,0.997525622532156,95
"PB2","AveHazel","12-04",0.945344343268984,0.997698371557224,95.24
"PB2","AveHazel","12-05",0.960430923639281,0.997819118146478,96
"PB2","AveHazel","12-06",0.972793610334757,0.997944024780969,96
"PB2","AveHazel","12-07",0.983729102117937,0.998041374979243,96
"PB2","AveHazel","12-08",0.992338420424109,0.998124667734506,96
"PB2","AveHazel","12-09",0.997958527720368,0.998187804689045,96.24
"PB2","AveHazel","12-10",1,0.998195701130669,97
"PB2","AveHazel","12-11",1,0.998219412570364,97
"PB2","AveHazel","12-12",1,0.99823222070037,97
"PB2","AveHazel","12-13",1,0.998245411432578,97
"PB2","AveHazel","12-14",1,0.998247341319384,97
"PB2","AveHazel","12-15",1,0.998228082963807,97
"PB2","AveHazel","12-16",1,0.998192104304735,97
"PB2","AveHazel","12-17",1,0.9981542377464,97
"PB2","AveHazel","12-18",1,0.998089206142282,97
"PB2","AveHazel","12-19",1,0.998016379733671,97
"PB2","AveHazel","12-20",1,0.997935333808741,97
"PB2","AveHazel","12-21",1,0.997839699990272,97
"PB2","AveHazel","12-22",1,0.997749119166911,97
"PB2","AveHazel","12-23",1,0.997646057196128,97
"PB2","AveHazel","12-24",1,0.997544033257199,97
"PB2","AveHazel","12-25",1,0.997433772667568,97
"PB2","AveHazel","12-26",1,0.997291782380621,97
"PB2","AveHazel","12-27",1,0.997143360729909,97
"PB2","AveHazel","12-28",1,0.996974162821256,97
"PB2","AveHazel","12-29",1,0.996835535178513,97
"PB2","AveHazel","12-30",1,0.996675372549019,97
"PB2","AveHazel","12-31",1,0.996691892002235,96
"PB2","AveWatt","01-01",0.912048921513722,0.990595006928764,93
"PB2","AveWatt","01-02",0.912048921513722,0.990614763905316,92
"PB2","AveWatt","01-03",0.894486136705488,0.989749494302682,92
"PB2","AveWatt","01-04",0.876778143047285,0.988862731258579,92
"PB2","AveWatt","01-05",0.864288593155029,0.988191551647711,92
"PB2","AveWatt","01-06",0.864288593155029,0.988213965094742,91
"PB2","AveWatt","01-07",0.845792666758557,0.987253341140191,91
"PB2","AveWatt","01-08",0.825226774255585,0.986141755414004,91
"PB2","AveWatt","01-09",0.79790860417497,0.984419722027033,91
"PB2","AveWatt","01-10",0.79790860417497,0.984441881618784,90
"PB2","AveWatt","01-11",0.773901976712949,0.982966259675897,90
"PB2","AveWatt","01-12",0.747539896872758,0.981171194338895,90
"PB2","AveWatt","01-13",0.747539896872758,0.981199226209512,89
"PB2","AveWatt","01-14",0.726196964340439,0.979837785125317,89
"PB2","AveWatt","01-15",0.703353940813179,0.978244132934222,89
"PB2","AveWatt","01-16",0.680289161607603,0.976567144160697,89
"PB2","AveWatt","01-17",0.680289161607603,0.97659480804807,88
"PB2","AveWatt","01-18",0.658156416459433,0.974943606872819,88
"PB2","AveWatt","01-19",0.63388870310185,0.972896744581891,88
"PB2","AveWatt","01-20",0.63388870310185,0.97292986601078,87
"PB2","AveWatt","01-21",0.608060602755342,0.970456480004981,87
"PB2","AveWatt","01-22",0.579215540468512,0.966992358546391,87
"PB2","AveWatt","01-23",0.549713515117855,0.962878228375497,87
"PB2","AveWatt","01-24",0.549713515117855,0.962922549301443,86
"PB2","AveWatt","01-25",0.519372879258845,0.957852865310209,86
"PB2","AveWatt","01-26",0.489912282868153,0.952404053068723,86
"PB2","AveWatt","01-27",0.489912282868153,0.95240791280498,85
"PB2","AveWatt","01-28",0.460748240233978,0.946157228251401,85
"PB2","AveWatt","01-29",0.431247150386737,0.938353653377005,85
"PB2","AveWatt","01-30",0.431247150386737,0.938429088733983,84
"PB2","AveWatt","01-31",0.405711199467162,0.93238364971385,84
"PB2","AveWatt","10-01",0.00286469311997734,0.00641850486033528,60.87
"PB2","AveWatt","10-02",0.00333273688007733,0.0110034888445546,61.37
"PB2","AveWatt","10-03",0.00390648113420137,0.0165635173468175,61.87
"PB2","AveWatt","10-04",0.00460318586529077,0.0244026575165015,62.31
"PB2","AveWatt","10-05",0.00542982565983541,0.0343235169550719,62.68
"PB2","AveWatt","10-06",0.00641661464263335,0.0480657519640222,63.37
"PB2","AveWatt","10-07",0.00760518907466205,0.0671626994243802,63.93
"PB2","AveWatt","10-08",0.00901707675272735,0.0942205272542927,64.56
"PB2","AveWatt","10-09",0.0106713122610408,0.124145340469076,64.93
"PB2","AveWatt","10-10",0.0125832647088673,0.152188167950044,65.74
"PB2","AveWatt","10-11",0.0147974302730541,0.179866840279294,66.56
"PB2","AveWatt","10-12",0.0173738630149494,0.209636978365989,66.93
"PB2","AveWatt","10-13",0.0203189641932731,0.238391156446747,67.74
"PB2","AveWatt","10-14",0.0236986835104079,0.267395445081497,68.56
"PB2","AveWatt","10-15",0.0277129120876311,0.304431851976368,68.93
"PB2","AveWatt","10-16",0.0324096795335015,0.345990833533985,69.74
"PB2","AveWatt","10-17",0.0378537647724021,0.389625997480785,70.68
"PB2","AveWatt","10-18",0.0443973187633985,0.455154759730954,71.37
"PB2","AveWatt","10-19",0.0524173688349983,0.566931240195996,71.93
"PB2","AveWatt","10-20",0.0606324164997125,0.626631400570089,72.74
"PB2","AveWatt","10-21",0.0689839547571658,0.654501859405343,73.68
"PB2","AveWatt","10-22",0.078470385482061,0.682782644865904,74.43
"PB2","AveWatt","10-23",0.0894822967425896,0.710182851254435,75.18
"PB2","AveWatt","10-24",0.102140321267024,0.743034471682372,75.99
"PB2","AveWatt","10-25",0.116409022551793,0.777914925863895,76.93
"PB2","AveWatt","10-26",0.131917424154802,0.810334782249313,77.68
"PB2","AveWatt","10-27",0.148842870857017,0.83932688753883,78.37
"PB2","AveWatt","10-28",0.167374884486292,0.863351203669335,78.99
"PB2","AveWatt","10-29",0.188804515665736,0.889536673114725,79.93
"PB2","AveWatt","10-30",0.213024555785898,0.914438416870744,80.74
"PB2","AveWatt","10-31",0.24061655607973,0.942029096923891,81.56
"PB2","AveWatt","11-01",0.269475170052694,0.960882228000793,81.99
"PB2","AveWatt","11-02",0.295270342396332,0.96836927371614,82.75
"PB2","AveWatt","11-03",0.316968526490694,0.971458127279797,82.99
"PB2","AveWatt","11-04",0.338626545939951,0.973955367034971,83.75
"PB2","AveWatt","11-05",0.358661534424238,0.975993320542508,83.99
"PB2","AveWatt","11-06",0.379423098354835,0.978176126829785,84.81
"PB2","AveWatt","11-07",0.399481249974464,0.979940719307941,85.18
"PB2","AveWatt","11-08",0.41687890565257,0.981389974549903,85.81
"PB2","AveWatt","11-09",0.435827489100361,0.983083955827187,86.12
"PB2","AveWatt","11-10",0.454295178933098,0.984622608408849,86.62
"PB2","AveWatt","11-11",0.473441545035754,0.985710441902859,87.06
"PB2","AveWatt","11-12",0.492007704677824,0.986514855841169,87.43
"PB2","AveWatt","11-13",0.511739634190641,0.987268169134144,88.06
"PB2","AveWatt","11-14",0.534738726183299,0.988086031241776,88.31
"PB2","AveWatt","11-15",0.557240307894302,0.988811749375434,88.62
"PB2","AveWatt","11-16",0.57713684223611,0.989333335387797,89.12
"PB2","AveWatt","11-17",0.59561822680696,0.989734031112929,89.5
"PB2","AveWatt","11-18",0.61383949951295,0.990100608344393,89.62
"PB2","AveWatt","11-19",0.630172825399961,0.990435625920036,90.12
"PB2","AveWatt","11-20",0.652102436587777,0.991030994278607,90.5
"PB2","AveWatt","11-21",0.679949730078501,0.991907158362793,90.68
"PB2","AveWatt","11-22",0.70732665400645,0.992690309800517,91.31
"PB2","AveWatt","11-23",0.737585995874225,0.993545677079363,91.56
"PB2","AveWatt","11-24",0.767040930026447,0.994249248014011,91.87
"PB2","AveWatt","11-25",0.79975328689002,0.995003610863928,92.31
"PB2","AveWatt","11-26",0.833365359972389,0.995684061958492,92.62
"PB2","AveWatt","11-27",0.863215234728723,0.996221614530529,93
"PB2","AveWatt","11-28",0.886713217689689,0.996603560984137,93.06
"PB2","AveWatt","11-29",0.908303400054494,0.996889154672357,93.43
"PB2","AveWatt","11-30",0.928126784346608,0.997148183425088,94
"PB2","AveWatt","12-01",0.947827123199797,0.997373051767225,94
"PB2","AveWatt","12-02",0.959791699728664,0.997477953459844,94
"PB2","AveWatt","12-03",0.97228150784171,0.99756548412287,94.24
"PB2","AveWatt","12-04",0.982795324700779,0.997645535181234,94.24
"PB2","AveWatt","12-05",0.988505201036172,0.997628241370169,95
"PB2","AveWatt","12-06",0.993638618281513,0.997654157291816,95
"PB2","AveWatt","12-07",0.997370773906894,0.997672440999565,95
"PB2","AveWatt","12-08",1,0.997664551098323,95
"PB2","AveWatt","12-09",1,0.997608693183872,95
"PB2","AveWatt","12-10",1,0.997540013564202,95
"PB2","AveWatt","12-11",1,0.997475914436783,95
"PB2","AveWatt","12-12",1,0.99740114160189,95
"PB2","AveWatt","12-13",1,0.997297186167902,95
"PB2","AveWatt","12-14",1,0.997190100473557,95
"PB2","AveWatt","12-15",1,0.997066472705701,95
"PB2","AveWatt","12-16",1,0.996915322374355,95
"PB2","AveWatt","12-17",1,0.996728169703277,95
"PB2","AveWatt","12-18",1,0.996449187068576,95
"PB2","AveWatt","12-19",1,0.99614753938045,95
"PB2","AveWatt","12-20",0.995075084030596,0.995729013683303,95
"PB2","AveWatt","12-21",0.986519602133377,0.995225880806965,95
"PB2","AveWatt","12-22",0.986519602133377,0.995261434071815,94
"PB2","AveWatt","12-23",0.98036327882026,0.994809668294117,94
"PB2","AveWatt","12-24",0.973826728721311,0.994346921225203,94
"PB2","AveWatt","12-25",0.966504582562533,0.993863862803881,94
"PB2","AveWatt","12-26",0.962172070314182,0.993446212254748,94
"PB2","AveWatt","12-27",0.955175892664711,0.992964051527981,94
"PB2","AveWatt","12-28",0.955175892664711,0.992981971391762,93
"PB2","AveWatt","12-29",0.946639684731303,0.992460926830358,93
"PB2","AveWatt","12-30",0.936586947290035,0.991896973490312,93
"PB2","AveWatt","12-31",0.927508118286631,0.991358983810709,93
"PB2b","AveHazel","01-01",1,0.996517688290963,96
"PB2b","AveHazel","01-02",1,0.996326461074454,96
"PB2b","AveHazel","01-03",1,0.99612940418338,96
"PB2b","AveHazel","01-04",1,0.99588476768392,96
"PB2b","AveHazel","01-05",1,0.995579743132767,96
"PB2b","AveHazel","01-06",1,0.995594273522857,95
"PB2b","AveHazel","01-07",1,0.995268863882896,95
"PB2b","AveHazel","01-08",1,0.994957877554739,95
"PB2b","AveHazel","01-09",0.998994672347478,0.994602297723668,95
"PB2b","AveHazel","01-10",0.992196027022709,0.994128843692005,95
"PB2b","AveHazel","01-11",0.992196027022709,0.994145772215646,94
"PB2b","AveHazel","01-12",0.98528690519359,0.993669801632511,94
"PB2b","AveHazel","01-13",0.978775244666252,0.99320155363465,94
"PB2b","AveHazel","01-14",0.973581581020256,0.992762678556821,94
"PB2b","AveHazel","01-15",0.973581581020256,0.992780162289073,93
"PB2b","AveHazel","01-16",0.962694579646111,0.992194436010731,93
"PB2b","AveHazel","01-17",0.95113241427479,0.991586295670849,93
"PB2b","AveHazel","01-18",0.934303772028279,0.99078223709727,93
"PB2b","AveHazel","01-19",0.934303772028279,0.990803351601084,92
"PB2b","AveHazel","01-20",0.918725566972047,0.990041061216863,92
"PB2b","AveHazel","01-21",0.899180422167189,0.989083381223364,92
"PB2b","AveHazel","01-22",0.878128076849473,0.988018799637168,92
"PB2b","AveHazel","01-23",0.878128076849473,0.988021976701173,91
"PB2b","AveHazel","01-24",0.860225837399847,0.987108361701598,91
"PB2b","AveHazel","01-25",0.842226971050559,0.986172140768932,91
"PB2b","AveHazel","01-26",0.842226971050559,0.986201527000867,90
"PB2b","AveHazel","01-27",0.822311030755382,0.985135015296379,90
"PB2b","AveHazel","01-28",0.804304120030459,0.984161525068263,90
"PB2b","AveHazel","01-29",0.785775888838566,0.983135156660596,90
"PB2b","AveHazel","01-30",0.785775888838566,0.983176677415148,89
"PB2b","AveHazel","01-31",0.762081335685287,0.981715397624634,89
"PB2b","AveHazel","10-01",0.00170977699755644,0.0375464693761755,59.5
"PB2b","AveHazel","10-02",0.00189201613081369,0.0510398518321545,59.56
"PB2b","AveHazel","10-03",0.00211678038239922,0.0688486358691515,59.87
"PB2b","AveHazel","10-04",0.00240360940930818,0.0903097505025898,60.31
"PB2b","AveHazel","10-05",0.00274716276847087,0.108183811920632,60.62
"PB2b","AveHazel","10-06",0.00314244152448109,0.125681110653829,61.12
"PB2b","AveHazel","10-07",0.00361492591725316,0.146878236434445,61.62
"PB2b","AveHazel","10-08",0.00417990653280189,0.172591745262281,62.06
"PB2b","AveHazel","10-09",0.00485758809423627,0.198852983489351,62.37
"PB2b","AveHazel","10-10",0.0056448418920358,0.223461505866866,62.87
"PB2b","AveHazel","10-11",0.00655708395912725,0.249841424062442,63.37
"PB2b","AveHazel","10-12",0.00761673043793922,0.278160901186623,63.87
"PB2b","AveHazel","10-13",0.0088416831191693,0.308938931010911,64.43
"PB2b","AveHazel","10-14",0.0102492786174419,0.340852874457755,65.12
"PB2b","AveHazel","10-15",0.0118709015932558,0.375518889594179,65.68
"PB2b","AveHazel","10-16",0.0137359263377281,0.413697321846097,66.37
"PB2b","AveHazel","10-17",0.015863787399688,0.448467697892116,66.87
"PB2b","AveHazel","10-18",0.0182801351975772,0.482114310638847,67.49
"PB2b","AveHazel","10-19",0.0210336295927484,0.517114296326069,68.37
"PB2b","AveHazel","10-20",0.024150964631214,0.551523436284746,68.87
"PB2b","AveHazel","10-21",0.0276844782609103,0.586597713178549,69.49
"PB2b","AveHazel","10-22",0.0317201214715549,0.621974874978564,70.43
"PB2b","AveHazel","10-23",0.0363534181682022,0.65705911472423,71.12
"PB2b","AveHazel","10-24",0.0416815683304831,0.694979566794041,71.68
"PB2b","AveHazel","10-25",0.0477295916687669,0.732337703758424,72.49
"PB2b","AveHazel","10-26",0.0546008581221983,0.770868544277751,73.43
"PB2b","AveHazel","10-27",0.0621458354847355,0.806740353122223,74.18
"PB2b","AveHazel","10-28",0.0695495967512284,0.828054914416488,74.87
"PB2b","AveHazel","10-29",0.0771300389139871,0.84354787256944,75.49
"PB2b","AveHazel","10-30",0.0855334034621181,0.860220213618668,76.37
"PB2b","AveHazel","10-31",0.09481570005837,0.877498769086178,77.06
"PB2b","AveHazel","11-01",0.104772222441038,0.891314641168945,77.68
"PB2b","AveHazel","11-02",0.115619727424294,0.903213699275825,78.43
"PB2b","AveHazel","11-03",0.127000890466894,0.914096791369525,79.06
"PB2b","AveHazel","11-04",0.139146812092469,0.923052533042026,79.68
"PB2b","AveHazel","11-05",0.15159496785552,0.928582374160587,80.43
"PB2b","AveHazel","11-06",0.164877780245032,0.934198192265515,81.06
"PB2b","AveHazel","11-07",0.178632966710931,0.9392270737256,81.43
"PB2b","AveHazel","11-08",0.192611102704049,0.943292295621797,82.12
"PB2b","AveHazel","11-09",0.207835832081484,0.947881871954644,82.87
"PB2b","AveHazel","11-10",0.223903298091409,0.952237220923167,83.56
"PB2b","AveHazel","11-11",0.241032184073554,0.95589942112315,83.93
"PB2b","AveHazel","11-12",0.258966768437362,0.959004727787359,84.68
"PB2b","AveHazel","11-13",0.278320351468284,0.961964032574853,85.5
"PB2b","AveHazel","11-14",0.300104954480605,0.96520648385767,85.74
"PB2b","AveHazel","11-15",0.323056841178581,0.968194534317011,86.5
"PB2b","AveHazel","11-16",0.346359993477623,0.970587639225224,86.93
"PB2b","AveHazel","11-17",0.370472202967318,0.972594884309852,87.62
"PB2b","AveHazel","11-18",0.395810937426381,0.97445387848325,88.31
"PB2b","AveHazel","11-19",0.421206034659447,0.97609582651331,88.68
"PB2b","AveHazel","11-20",0.44741032740902,0.977654065588018,89.31
"PB2b","AveHazel","11-21",0.475483322154801,0.979286994827077,89.62
"PB2b","AveHazel","11-22",0.505093139071998,0.980903291204132,90.31
"PB2b","AveHazel","11-23",0.538600325758726,0.98281014491169,90.62
"PB2b","AveHazel","11-24",0.574224101707757,0.984667752783708,91.18
"PB2b","AveHazel","11-25",0.613609786867822,0.986723825396801,91.81
"PB2b","AveHazel","11-26",0.657039735102667,0.988924614341079,92.18
"PB2b","AveHazel","11-27",0.702914855936189,0.99108894699739,92.81
"PB2b","AveHazel","11-28",0.748312160382495,0.992880779297386,93.24
"PB2b","AveHazel","11-29",0.793952999710405,0.994335266380525,94
"PB2b","AveHazel","11-30",0.841285466112681,0.995799602587016,94.24
"PB2b","AveHazel","12-01",0.88616646686321,0.997075631866925,95
"PB2b","AveHazel","12-02",0.907155087160667,0.997309337646603,95
"PB2b","AveHazel","12-03",0.92700457773678,0.997525622532187,95
"PB2b","AveHazel","12-04",0.945344343268974,0.997698371557305,95.24
"PB2b","AveHazel","12-05",0.96043092363927,0.997819118146495,96
"PB2b","AveHazel","12-06",0.972793610334752,0.997944024781003,96
"PB2b","AveHazel","12-07",0.98372910211794,0.998041374979312,96
"PB2b","AveHazel","12-08",0.992338420424101,0.998124667734573,96
"PB2b","AveHazel","12-09",0.997958527720376,0.99818780468909,96.24
"PB2b","AveHazel","12-10",1,0.998195701130613,97
"PB2b","AveHazel","12-11",1,0.99821941257031,97
"PB2b","AveHazel","12-12",1,0.998232220700358,97
"PB2b","AveHazel","12-13",1,0.998245411432519,97
"PB2b","AveHazel","12-14",1,0.998247341319279,97
"PB2b","AveHazel","12-15",1,0.998228082963803,97
"PB2b","AveHazel","12-16",1,0.998192104304681,97
"PB2b","AveHazel","12-17",1,0.998154237746461,97
"PB2b","AveHazel","12-18",1,0.998089206142271,97
"PB2b","AveHazel","12-19",1,0.998016379733675,97
"PB2b","AveHazel","12-20",1,0.997935333808638,97
"PB2b","AveHazel","12-21",1,0.997839699990259,97
"PB2b","AveHazel","12-22",1,0.997749119166803,97
"PB2b","AveHazel","12-23",1,0.997646057196043,97
"PB2b","AveHazel","12-24",1,0.997544033257177,97
"PB2b","AveHazel","12-25",1,0.997433772667526,97
"PB2b","AveHazel","12-26",1,0.997291782380633,97
"PB2b","AveHazel","12-27",1,0.997143360729866,97
"PB2b","AveHazel","12-28",1,0.996974162821381,97
"PB2b","AveHazel","12-29",1,0.99683553517846,97
"PB2b","AveHazel","12-30",1,0.996675372549048,97
"PB2b","AveHazel","12-31",1,0.996691892002258,96
"PB2b","AveWatt","01-01",0.912048921513722,0.99059500692879,93
"PB2b","AveWatt","01-02",0.912048921513722,0.990614763905396,92
"PB2b","AveWatt","01-03",0.894486136705489,0.989749494302476,92
"PB2b","AveWatt","01-04",0.876778143047288,0.988862731258168,92
"PB2b","AveWatt","01-05",0.864288593155031,0.988191551647847,92
"PB2b","AveWatt","01-06",0.864288593155031,0.988213965094961,91
"PB2b","AveWatt","01-07",0.845792666758563,0.987253341140046,91
"PB2b","AveWatt","01-08",0.825226774255586,0.986141755413978,91
"PB2b","AveWatt","01-09",0.797908604174975,0.984419722026935,91
"PB2b","AveWatt","01-10",0.797908604174975,0.984441881618749,90
"PB2b","AveWatt","01-11",0.77390197671295,0.982966259675501,90
"PB2b","AveWatt","01-12",0.74753989687276,0.981171194338955,90
"PB2b","AveWatt","01-13",0.74753989687276,0.981199226209527,89
"PB2b","AveWatt","01-14",0.726196964340436,0.979837785125371,89
"PB2b","AveWatt","01-15",0.703353940813179,0.978244132934157,89
"PB2b","AveWatt","01-16",0.680289161607603,0.976567144160857,89
"PB2b","AveWatt","01-17",0.680289161607603,0.976594808048153,88
"PB2b","AveWatt","01-18",0.658156416459433,0.974943606872735,88
"PB2b","AveWatt","01-19",0.633888703101851,0.972896744581979,88
"PB2b","AveWatt","01-20",0.633888703101851,0.9729298660106,87
"PB2b","AveWatt","01-21",0.608060602755342,0.97045648000471,87
"PB2b","AveWatt","01-22",0.579215540468514,0.96699235854658,87
"PB2b","AveWatt","01-23",0.549713515117853,0.962878228375291,87
"PB2b","AveWatt","01-24",0.549713515117853,0.96292254930142,86
"PB2b","AveWatt","01-25",0.519372879258845,0.957852865310227,86
"PB2b","AveWatt","01-26",0.489912282868155,0.95240405306858,86
"PB2b","AveWatt","01-27",0.489912282868155,0.952407912804811,85
"PB2b","AveWatt","01-28",0.460748240233978,0.946157228251137,85
"PB2b","AveWatt","01-29",0.431247150386738,0.938353653376924,85
"PB2b","AveWatt","01-30",0.431247150386738,0.938429088734047,84
"PB2b","AveWatt","01-31",0.405711199467163,0.93238364971367,84
"PB2b","AveWatt","10-01",0.00332220778617369,0.00652211519485738,61.18
"PB2b","AveWatt","10-02",0.00386462810563609,0.0111843707715035,61.81
"PB2b","AveWatt","10-03",0.00454273335628949,0.0168533862704587,62.18
"PB2b","AveWatt","10-04",0.00535431783895593,0.0248456171284376,62.81
"PB2b","AveWatt","10-05",0.0063203950254009,0.0349637419959763,63.18
"PB2b","AveWatt","10-06",0.00747619132444647,0.0489900485387327,63.87
"PB2b","AveWatt","10-07",0.00886476546681299,0.0684680671827068,64.37
"PB2b","AveWatt","10-08",0.0105104909062017,0.0960353384425436,64.93
"PB2b","AveWatt","10-09",0.0124387019821012,0.126496753355354,65.62
"PB2b","AveWatt","10-10",0.0146673132457118,0.155058559922983,66.18
"PB2b","AveWatt","10-11",0.0172481903598134,0.183269421702012,66.93
"PB2b","AveWatt","10-12",0.0202513335786995,0.213598033719903,67.62
"PB2b","AveWatt","10-13",0.0236842043417495,0.242901352324778,68.18
"PB2b","AveWatt","10-14",0.0276236749842186,0.272468196002509,68.93
"PB2b","AveWatt","10-15",0.032302742725719,0.310220352059038,69.74
"PB2b","AveWatt","10-16",0.0377773918700145,0.352583947606232,70.56
"PB2b","AveWatt","10-17",0.0441231300693423,0.397070415478649,70.93
"PB2b","AveWatt","10-18",0.0517460519726222,0.463648820021417,71.74
"PB2b","AveWatt","10-19",0.0610776609641129,0.576815993010116,72.74
"PB2b","AveWatt","10-20",0.0706381671535863,0.637351918928935,73.68
"PB2b","AveWatt","10-21",0.0803424568048402,0.665545451418035,74.37
"PB2b","AveWatt","10-22",0.0913569831323718,0.69409929490673,75.18
"PB2b","AveWatt","10-23",0.104167307203094,0.721679511432891,75.93
"PB2b","AveWatt","10-24",0.118916078122681,0.75419422586029,76.68
"PB2b","AveWatt","10-25",0.135546157118319,0.788012684736113,77.43
"PB2b","AveWatt","10-26",0.153632665896111,0.81885738562767,78.18
"PB2b","AveWatt","10-27",0.173367694771493,0.846770977089201,78.93
"PB2b","AveWatt","10-28",0.194966658683521,0.869576242446257,79.74
"PB2b","AveWatt","10-29",0.219954809331093,0.894957081181919,80.68
"PB2b","AveWatt","10-30",0.248187438032392,0.919029866230595,81.37
"PB2b","AveWatt","10-31",0.280311313545322,0.946345004908896,81.93
"PB2b","AveWatt","11-01",0.313857835670506,0.965267829113821,82.62
"PB2b","AveWatt","11-02",0.343827125420931,0.972596395971955,83.37
"PB2b","AveWatt","11-03",0.369038392564868,0.97529987094218,83.93
"PB2b","AveWatt","11-04",0.394229110197421,0.977707731948989,84.56
"PB2b","AveWatt","11-05",0.417567189340074,0.979766081620394,84.87
"PB2b","AveWatt","11-06",0.441741753014277,0.982070124140584,85.37
"PB2b","AveWatt","11-07",0.465180089632332,0.983790952036112,85.81
"PB2b","AveWatt","11-08",0.485612709363214,0.985188150625515,86.18
"PB2b","AveWatt","11-09",0.507968169380534,0.986857656972033,87
"PB2b","AveWatt","11-10",0.529839557116833,0.988401159487764,87.31
"PB2b","AveWatt","11-11",0.552424303350733,0.989476844065772,87.62
"PB2b","AveWatt","11-12",0.574267508613062,0.99024642113997,88.12
"PB2b","AveWatt","11-13",0.597467385222532,0.991013373405351,88.56
"PB2b","AveWatt","11-14",0.624475718931017,0.991842686602951,88.93
"PB2b","AveWatt","11-15",0.65090726443197,0.99253355009565,89.5
"PB2b","AveWatt","11-16",0.674269295584176,0.993048007584374,89.62
"PB2b","AveWatt","11-17",0.695926965400893,0.993463042546978,90.12
"PB2b","AveWatt","11-18",0.717202455764509,0.993848867482671,90.5
"PB2b","AveWatt","11-19",0.734177883294528,0.994137455171774,90.5
"PB2b","AveWatt","11-20",0.748920170905923,0.994407325098854,90.74
"PB2b","AveWatt","11-21",0.763505725868415,0.994684414451348,91.5
"PB2b","AveWatt","11-22",0.777757842494456,0.994973416782422,91.56
"PB2b","AveWatt","11-23",0.795474379704037,0.995291254782308,91.62
"PB2b","AveWatt","11-24",0.812584612725898,0.995564677095092,92.12
"PB2b","AveWatt","11-25",0.83337278239482,0.995895289810898,92.56
"PB2b","AveWatt","11-26",0.856360858691453,0.996222230000623,92.81
"PB2b","AveWatt","11-27",0.87731396024536,0.996511033851279,93
"PB2b","AveWatt","11-28",0.89396118706812,0.996736340050333,93.12
"PB2b","AveWatt","11-29",0.910431239860942,0.996929096824893,93.43
"PB2b","AveWatt","11-30",0.928031069718069,0.997148077412112,94
"PB2b","AveWatt","12-01",0.947827123199797,0.997373051767361,94
"PB2b","AveWatt","12-02",0.959791699728658,0.997477953459867,94
"PB2b","AveWatt","12-03",0.972281507841703,0.997565484123002,94.24
"PB2b","AveWatt","12-04",0.982795324700773,0.997645535181325,94.24
"PB2b","AveWatt","12-05",0.98850520103618,0.997628241370332,95
"PB2b","AveWatt","12-06",0.993638618281508,0.9976541572918,95
"PB2b","AveWatt","12-07",0.99737077390689,0.997672440999717,95
"PB2b","AveWatt","12-08",1,0.997664551098135,95
"PB2b","AveWatt","12-09",1,0.997608693183688,95
"PB2b","AveWatt","12-10",1,0.997540013564104,95
"PB2b","AveWatt","12-11",1,0.997475914436861,95
"PB2b","AveWatt","12-12",1,0.997401141602024,95
"PB2b","AveWatt","12-13",1,0.997297186167777,95
"PB2b","AveWatt","12-14",1,0.997190100473285,95
"PB2b","AveWatt","12-15",1,0.997066472705595,95
"PB2b","AveWatt","12-16",1,0.99691532237455,95
"PB2b","AveWatt","12-17",1,0.996728169702965,95
"PB2b","AveWatt","12-18",1,0.996449187068425,95
"PB2b","AveWatt","12-19",1,0.996147539380555,95
"PB2b","AveWatt","12-20",0.995075084030597,0.995729013683385,95
"PB2b","AveWatt","12-21",0.986519602133383,0.995225880806829,95
"PB2b","AveWatt","12-22",0.986519602133383,0.995261434071907,94
"PB2b","AveWatt","12-23",0.980363278820263,0.994809668294153,94
"PB2b","AveWatt","12-24",0.973826728721312,0.994346921225014,94
"PB2b","AveWatt","12-25",0.96650458256254,0.993863862803575,94
"PB2b","AveWatt","12-26",0.962172070314185,0.993446212254938,94
"PB2b","AveWatt","12-27",0.955175892664714,0.992964051527916,94
"PB2b","AveWatt","12-28",0.955175892664714,0.992981971391635,93
"PB2b","AveWatt","12-29",0.946639684731302,0.992460926830496,93
"PB2b","AveWatt","12-30",0.936586947290041,0.991896973490151,93
"PB2b","AveWatt","12-31",0.927508118286634,0.991358983810482,93
"PB2c","AveHazel","01-01",1,0.996517688290954,96
"PB2c","AveHazel","01-02",1,0.99632646107446,96
"PB2c","AveHazel","01-03",1,0.996129404183436,96
"PB2c","AveHazel","01-04",1,0.995884767683883,96
"PB2c","AveHazel","01-05",1,0.995579743132733,96
"PB2c","AveHazel","01-06",1,0.99559427352284,95
"PB2c","AveHazel","01-07",1,0.995268863882912,95
"PB2c","AveHazel","01-08",1,0.994957877554722,95
"PB2c","AveHazel","01-09",0.998994672347467,0.994602297723689,95
"PB2c","AveHazel","01-10",0.992196027022708,0.994128843691978,95
"PB2c","AveHazel","01-11",0.992196027022708,0.994145772215623,94
"PB2c","AveHazel","01-12",0.985286905193582,0.993669801632542,94
"PB2c","AveHazel","01-13",0.978775244666234,0.993201553634616,94
"PB2c","AveHazel","01-14",0.973581581020258,0.992762678556864,94
"PB2c","AveHazel","01-15",0.973581581020258,0.992780162289128,93
"PB2c","AveHazel","01-16",0.962694579646098,0.992194436010756,93
"PB2c","AveHazel","01-17",0.951132414274769,0.991586295670896,93
"PB2c","AveHazel","01-18",0.934303772028276,0.990782237097248,93
"PB2c","AveHazel","01-19",0.934303772028276,0.990803351601063,92
"PB2c","AveHazel","01-20",0.918725566972035,0.990041061216873,92
"PB2c","AveHazel","01-21",0.899180422167182,0.989083381223303,92
"PB2c","AveHazel","01-22",0.878128076849476,0.988018799637186,92
"PB2c","AveHazel","01-23",0.878128076849476,0.988021976701188,91
"PB2c","AveHazel","01-24",0.860225837399829,0.987108361701577,91
"PB2c","AveHazel","01-25",0.842226971050553,0.986172140768922,91
"PB2c","AveHazel","01-26",0.842226971050553,0.986201527000835,90
"PB2c","AveHazel","01-27",0.822311030755369,0.985135015296359,90
"PB2c","AveHazel","01-28",0.804304120030443,0.984161525068283,90
"PB2c","AveHazel","01-29",0.785775888838553,0.983135156660591,90
"PB2c","AveHazel","01-30",0.785775888838553,0.983176677415145,89
"PB2c","AveHazel","01-31",0.762081335685285,0.981715397624631,89
"PB2c","AveHazel","10-01",0.00175746263918051,0.0319479073861939,59.5
"PB2c","AveHazel","10-02",0.0019443139493628,0.0428182945691829,59.62
"PB2c","AveHazel","10-03",0.0021705937067978,0.0569923642084052,60.06
"PB2c","AveHazel","10-04",0.00247432779607073,0.0738237270687099,60.31
"PB2c","AveHazel","10-05",0.00282789329161989,0.0881084507416326,60.62
"PB2c","AveHazel","10-06",0.0032347117162153,0.102160065427247,61.12
"PB2c","AveHazel","10-07",0.00372104006784207,0.11876635752528,61.62
"PB2c","AveHazel","10-08",0.0043019296751365,0.13816503148668,62.12
"PB2c","AveHazel","10-09",0.00499820647433875,0.159522876939637,62.62
"PB2c","AveHazel","10-10",0.00581034764121871,0.179792050071472,63.12
"PB2c","AveHazel","10-11",0.00674933648167206,0.200755080358945,63.62
"PB2c","AveHazel","10-12",0.00784005160469042,0.223192110911795,64.12
"PB2c","AveHazel","10-13",0.00910091967825544,0.24737593365208,64.68
"PB2c","AveHazel","10-14",0.0105497856234145,0.272497334099799,65.37
"PB2c","AveHazel","10-15",0.0122189542932687,0.299746411657744,65.87
"PB2c","AveHazel","10-16",0.0141386612278685,0.328740723093037,66.43
"PB2c","AveHazel","10-17",0.0163289107935192,0.358343228751214,67.12
"PB2c","AveHazel","10-18",0.0189509501801865,0.399921273306486,67.68
"PB2c","AveHazel","10-19",0.0223616024526714,0.488759513687178,68.49
"PB2c","AveHazel","10-20",0.0261400961614932,0.567281473547543,69.37
"PB2c","AveHazel","10-21",0.0301215344716587,0.616859933448804,69.87
"PB2c","AveHazel","10-22",0.034440715100874,0.649605784894674,70.43
"PB2c","AveHazel","10-23",0.0393984074820914,0.683629038521624,71.24
"PB2c","AveHazel","10-24",0.0450937826118787,0.719473535856468,72.18
"PB2c","AveHazel","10-25",0.0515367377380544,0.754540383735207,72.87
"PB2c","AveHazel","10-26",0.0588459727630194,0.790743905152145,73.68
"PB2c","AveHazel","10-27",0.066843338941696,0.824787941813826,74.43
"PB2c","AveHazel","10-28",0.0746655705845703,0.842885393902726,75.18
"PB2c","AveHazel","10-29",0.0826622308506645,0.857450100053146,75.87
"PB2c","AveHazel","10-30",0.0915354102517387,0.8722612552779,76.43
"PB2c","AveHazel","10-31",0.101338044938696,0.886882782877432,77.37
"PB2c","AveHazel","11-01",0.111844097051126,0.898813769285746,77.87
"PB2c","AveHazel","11-02",0.12328056235658,0.909905380834889,78.43
"PB2c","AveHazel","11-03",0.135243575621386,0.920187045378862,79.18
"PB2c","AveHazel","11-04",0.148005315144193,0.928769854421288,80.06
"PB2c","AveHazel","11-05",0.161081728779158,0.934311473209709,80.43
"PB2c","AveHazel","11-06",0.175014997134673,0.939836678960001,81.12
"PB2c","AveHazel","11-07",0.189416500413297,0.944361257754872,81.87
"PB2c","AveHazel","11-08",0.204026926884419,0.948334943076704,82.37
"PB2c","AveHazel","11-09",0.219929479118194,0.952677023395802,83.12
"PB2c","AveHazel","11-10",0.236669589405261,0.956920771629287,83.68
"PB2c","AveHazel","11-11",0.254468879218859,0.960541576464314,84.31
"PB2c","AveHazel","11-12",0.273052653575106,0.963393931932053,84.74
"PB2c","AveHazel","11-13",0.293043074566898,0.966161568060333,85.5
"PB2c","AveHazel","11-14",0.315540682870066,0.969237018666525,85.74
"PB2c","AveHazel","11-15",0.339208622660864,0.972079929811785,86.68
"PB2c","AveHazel","11-16",0.363116789140227,0.974296173446994,87.5
"PB2c","AveHazel","11-17",0.387698042843608,0.97617246654357,87.74
"PB2c","AveHazel","11-18",0.413394697911147,0.977908053255379,88.5
"PB2c","AveHazel","11-19",0.4389067104297,0.979386185092348,88.74
"PB2c","AveHazel","11-20",0.464977795146445,0.980755438308374,89.5
"PB2c","AveHazel","11-21",0.492674116355005,0.98220475164714,89.74
"PB2c","AveHazel","11-22",0.521454121450207,0.983567450898893,90.5
"PB2c","AveHazel","11-23",0.55370247609131,0.985157662052128,91.06
"PB2c","AveHazel","11-24",0.587496581504893,0.986679532127489,91.37
"PB2c","AveHazel","11-25",0.624504731930986,0.988318827279356,92
"PB2c","AveHazel","11-26",0.6652172211053,0.990044950282363,92.24
"PB2c","AveHazel","11-27",0.708586854229118,0.991758278306175,93
"PB2c","AveHazel","11-28",0.751817168833826,0.993229754757678,93.24
"PB2c","AveHazel","11-29",0.795868409251818,0.994516666652321,94
"PB2c","AveHazel","11-30",0.841979903475033,0.995868246493133,94.24
"PB2c","AveHazel","12-01",0.886166466863219,0.997075631866932,95
"PB2c","AveHazel","12-02",0.907155087160671,0.997309337646577,95
"PB2c","AveHazel","12-03",0.927004577736787,0.997525622532204,95
"PB2c","AveHazel","12-04",0.945344343268988,0.997698371557271,95.24
"PB2c","AveHazel","12-05",0.96043092363928,0.997819118146488,96
"PB2c","AveHazel","12-06",0.972793610334758,0.997944024781,96
"PB2c","AveHazel","12-07",0.98372910211794,0.998041374979281,96
"PB2c","AveHazel","12-08",0.992338420424109,0.998124667734552,96
"PB2c","AveHazel","12-09",0.997958527720366,0.998187804689062,96.24
"PB2c","AveHazel","12-10",1,0.99819570113062,97
"PB2c","AveHazel","12-11",1,0.998219412570302,97
"PB2c","AveHazel","12-12",1,0.998232220700345,97
"PB2c","AveHazel","12-13",1,0.99824541143256,97
"PB2c","AveHazel","12-14",1,0.998247341319331,97
"PB2c","AveHazel","12-15",1,0.998228082963829,97
"PB2c","AveHazel","12-16",1,0.998192104304702,97
"PB2c","AveHazel","12-17",1,0.998154237746421,97
"PB2c","AveHazel","12-18",1,0.998089206142276,97
"PB2c","AveHazel","12-19",1,0.998016379733688,97
"PB2c","AveHazel","12-20",1,0.997935333808691,97
"PB2c","AveHazel","12-21",1,0.997839699990264,97
"PB2c","AveHazel","12-22",1,0.997749119166876,97
"PB2c","AveHazel","12-23",1,0.997646057196055,97
"PB2c","AveHazel","12-24",1,0.9975440332572,97
"PB2c","AveHazel","12-25",1,0.997433772667556,97
"PB2c","AveHazel","12-26",1,0.997291782380635,97
"PB2c","AveHazel","12-27",1,0.997143360729883,97
"PB2c","AveHazel","12-28",1,0.99697416282134,97
"PB2c","AveHazel","12-29",1,0.996835535178464,97
"PB2c","AveHazel","12-30",1,0.996675372549041,97
"PB2c","AveHazel","12-31",1,0.99669189200225,96
"PB2c","AveWatt","01-01",0.912048921513721,0.990595006928711,93
"PB2c","AveWatt","01-02",0.912048921513721,0.990614763905331,92
"PB2c","AveWatt","01-03",0.894486136705488,0.989749494302407,92
"PB2c","AveWatt","01-04",0.876778143047281,0.98886273125819,92
"PB2c","AveWatt","01-05",0.864288593155031,0.988191551647661,92
"PB2c","AveWatt","01-06",0.864288593155031,0.988213965094915,91
"PB2c","AveWatt","01-07",0.845792666758561,0.987253341140083,91
"PB2c","AveWatt","01-08",0.825226774255585,0.986141755414263,91
"PB2c","AveWatt","01-09",0.797908604174971,0.984419722026921,91
"PB2c","AveWatt","01-10",0.797908604174971,0.984441881618462,90
"PB2c","AveWatt","01-11",0.773901976712948,0.98296625967575,90
"PB2c","AveWatt","01-12",0.747539896872759,0.981171194338971,90
"PB2c","AveWatt","01-13",0.747539896872759,0.981199226209337,89
"PB2c","AveWatt","01-14",0.726196964340439,0.979837785125433,89
"PB2c","AveWatt","01-15",0.703353940813176,0.978244132934055,89
"PB2c","AveWatt","01-16",0.680289161607602,0.976567144160426,89
"PB2c","AveWatt","01-17",0.680289161607602,0.976594808047943,88
"PB2c","AveWatt","01-18",0.658156416459432,0.974943606873157,88
"PB2c","AveWatt","01-19",0.63388870310185,0.972896744581903,88
"PB2c","AveWatt","01-20",0.63388870310185,0.972929866010428,87
"PB2c","AveWatt","01-21",0.608060602755343,0.970456480004992,87
"PB2c","AveWatt","01-22",0.579215540468514,0.966992358546279,87
"PB2c","AveWatt","01-23",0.549713515117855,0.962878228375495,87
"PB2c","AveWatt","01-24",0.549713515117855,0.962922549301654,86
"PB2c","AveWatt","01-25",0.519372879258845,0.957852865310177,86
"PB2c","AveWatt","01-26",0.489912282868153,0.952404053068974,86
"PB2c","AveWatt","01-27",0.489912282868153,0.952407912805171,85
"PB2c","AveWatt","01-28",0.460748240233977,0.946157228251285,85
"PB2c","AveWatt","01-29",0.431247150386739,0.9383536533768,85
"PB2c","AveWatt","01-30",0.431247150386739,0.93842908873403,84
"PB2c","AveWatt","01-31",0.405711199467161,0.932383649713932,84
"PB2c","AveWatt","10-01",0.00307812720533188,0.00144095484037391,60.87
"PB2c","AveWatt","10-02",0.00358987487190151,0.0039583935973481,61.37
"PB2c","AveWatt","10-03",0.00420607956710534,0.00809386152369838,61.93
"PB2c","AveWatt","10-04",0.00495154654219198,0.0128429771624973,62.56
"PB2c","AveWatt","10-05",0.00584367799061015,0.0194199769264512,62.93
"PB2c","AveWatt","10-06",0.00691011920038275,0.0276014761888867,63.62
"PB2c","AveWatt","10-07",0.00818997678239887,0.0382067729044992,64.12
"PB2c","AveWatt","10-08",0.00971042909320801,0.0527821772383705,64.62
"PB2c","AveWatt","10-09",0.0114918641466566,0.0686060135418828,65.18
"PB2c","AveWatt","10-10",0.0135508328327764,0.0835562015636325,65.93
"PB2c","AveWatt","10-11",0.0159352527840822,0.0985541678829177,66.62
"PB2c","AveWatt","10-12",0.0187097958138981,0.115156275948388,67.18
"PB2c","AveWatt","10-13",0.0218813553945332,0.130788804821889,67.93
"PB2c","AveWatt","10-14",0.0255209523153486,0.146502179248259,68.68
"PB2c","AveWatt","10-15",0.0298438479756595,0.166399310671575,69.37
"PB2c","AveWatt","10-16",0.0349017651367415,0.189265542272002,69.93
"PB2c","AveWatt","10-17",0.0407644637850295,0.213596079736177,70.74
"PB2c","AveWatt","10-18",0.0478061987108588,0.245483380942607,71.74
"PB2c","AveWatt","10-19",0.0566536240025325,0.300376093666278,72.62
"PB2c","AveWatt","10-20",0.0668100548537103,0.364255605267537,73.43
"PB2c","AveWatt","10-21",0.0784349293305679,0.429792899043315,74.18
"PB2c","AveWatt","10-22",0.0920264051290712,0.507598816290155,74.99
"PB2c","AveWatt","10-23",0.108282659582622,0.598718055648818,75.99
"PB2c","AveWatt","10-24",0.127396446481975,0.710552874103421,76.93
"PB2c","AveWatt","10-25",0.148459515919689,0.797514732251211,77.74
"PB2c","AveWatt","10-26",0.169382420722925,0.835844337081643,78.68
"PB2c","AveWatt","10-27",0.190613880831075,0.861319561755912,79.37
"PB2c","AveWatt","10-28",0.213833991552147,0.88260802132234,79.99
"PB2c","AveWatt","10-29",0.240706490986795,0.906195228073571,80.93
"PB2c","AveWatt","10-30",0.270962261407927,0.927988870817648,81.62
"PB2c","AveWatt","10-31",0.30534686591212,0.95199742127916,82.37
"PB2c","AveWatt","11-01",0.341026577184443,0.968392956886571,82.93
"PB2c","AveWatt","11-02",0.372609570057446,0.974669892030184,83.62
"PB2c","AveWatt","11-03",0.399008049298698,0.977168392263891,84.18
"PB2c","AveWatt","11-04",0.425363261402599,0.979514264483827,84.81
"PB2c","AveWatt","11-05",0.449741501533085,0.981498837914505,85.18
"PB2c","AveWatt","11-06",0.475029780007567,0.983458848790914,85.81
"PB2c","AveWatt","11-07",0.499472485765882,0.985091157566971,86.12
"PB2c","AveWatt","11-08",0.520493611235862,0.986440969363467,86.62
"PB2c","AveWatt","11-09",0.54350714159017,0.987992855570383,87.06
"PB2c","AveWatt","11-10",0.565957240739315,0.989402031984127,87.43
"PB2c","AveWatt","11-11",0.58911483500087,0.990418716518987,88.06
"PB2c","AveWatt","11-12",0.611383792329933,0.991173291226437,88.5
"PB2c","AveWatt","11-13",0.635046277045214,0.991884651619799,88.68
"PB2c","AveWatt","11-14",0.662542584339543,0.992615869952578,89.31
"PB2c","AveWatt","11-15",0.689263001602363,0.993260187529797,89.5
"PB2c","AveWatt","11-16",0.712609488525933,0.99374002771798,89.74
"PB2c","AveWatt","11-17",0.733902828671916,0.994133797611478,90.5
"PB2c","AveWatt","11-18",0.754653303559373,0.994466446884539,90.5
"PB2c","AveWatt","11-19",0.770825643807739,0.994722254430904,90.74
"PB2c","AveWatt","11-20",0.784459901499601,0.994957565335445,91.5
"PB2c","AveWatt","11-21",0.79793249244847,0.995237679880645,91.5
"PB2c","AveWatt","11-22",0.811097424992657,0.995484105265419,91.62
"PB2c","AveWatt","11-23",0.827121235095236,0.995744606478548,92.06
"PB2c","AveWatt","11-24",0.842004499359959,0.995987164499164,92.31
"PB2c","AveWatt","11-25",0.860198696471692,0.996268405861857,92.56
"PB2c","AveWatt","11-26",0.880233590137094,0.99654038152775,92.81
"PB2c","AveWatt","11-27",0.897498631564044,0.996766573056352,93
"PB2c","AveWatt","11-28",0.90994112793323,0.996932715073949,93.18
"PB2c","AveWatt","11-29",0.921038505062758,0.997068054747877,93.43
"PB2c","AveWatt","11-30",0.932732153708023,0.99721307055662,94
"PB2c","AveWatt","12-01",0.947827123199796,0.997373051767356,94
"PB2c","AveWatt","12-02",0.95979169972866,0.99747795345959,94
"PB2c","AveWatt","12-03",0.972281507841707,0.99756548412307,94.24
"PB2c","AveWatt","12-04",0.982795324700779,0.99764553518108,94.24
"PB2c","AveWatt","12-05",0.988505201036176,0.997628241370348,95
"PB2c","AveWatt","12-06",0.993638618281514,0.997654157291781,95
"PB2c","AveWatt","12-07",0.997370773906894,0.99767244099966,95
"PB2c","AveWatt","12-08",1,0.99766455109825,95
"PB2c","AveWatt","12-09",1,0.997608693183899,95
"PB2c","AveWatt","12-10",1,0.997540013564273,95
"PB2c","AveWatt","12-11",1,0.997475914436821,95
"PB2c","AveWatt","12-12",1,0.997401141602043,95
"PB2c","AveWatt","12-13",1,0.997297186167673,95
"PB2c","AveWatt","12-14",1,0.99719010047351,95
"PB2c","AveWatt","12-15",1,0.997066472705721,95
"PB2c","AveWatt","12-16",1,0.996915322374611,95
"PB2c","AveWatt","12-17",1,0.996728169703457,95
"PB2c","AveWatt","12-18",1,0.996449187068851,95
"PB2c","AveWatt","12-19",1,0.996147539380448,95
"PB2c","AveWatt","12-20",0.995075084030595,0.995729013683552,95
"PB2c","AveWatt","12-21",0.986519602133379,0.995225880807271,95
"PB2c","AveWatt","12-22",0.986519602133379,0.995261434072184,94
"PB2c","AveWatt","12-23",0.980363278820261,0.994809668294122,94
"PB2c","AveWatt","12-24",0.973826728721311,0.994346921225264,94
"PB2c","AveWatt","12-25",0.966504582562537,0.9938638628037,94
"PB2c","AveWatt","12-26",0.962172070314183,0.993446212254971,94
"PB2c","AveWatt","12-27",0.955175892664707,0.99296405152784,94
"PB2c","AveWatt","12-28",0.955175892664707,0.992981971391417,93
"PB2c","AveWatt","12-29",0.946639684731304,0.992460926830171,93
"PB2c","AveWatt","12-30",0.936586947290041,0.991896973490154,93
"PB2c","AveWatt","12-31",0.927508118286632,0.991358983810701,93
"PB3","AveHazel","01-01",1,0.996517688290949,96
"PB3","AveHazel","01-02",1,0.996326461074482,96
"PB3","AveHazel","01-03",1,0.996129404183434,96
"PB3","AveHazel","01-04",1,0.99588476768388,96
"PB3","AveHazel","01-05",1,0.995579743132718,96
"PB3","AveHazel","01-06",1,0.99559427352284,95
"PB3","AveHazel","01-07",1,0.995268863882952,95
"PB3","AveHazel","01-08",1,0.994957877554718,95
"PB3","AveHazel","01-09",0.998994672347464,0.994602297723663,95
"PB3","AveHazel","01-10",0.992196027022709,0.994128843691952,95
"PB3","AveHazel","01-11",0.992196027022709,0.994145772215631,94
"PB3","AveHazel","01-12",0.985286905193582,0.993669801632538,94
"PB3","AveHazel","01-13",0.978775244666236,0.99320155363465,94
"PB3","AveHazel","01-14",0.973581581020259,0.992762678556899,94
"PB3","AveHazel","01-15",0.973581581020259,0.992780162289126,93
"PB3","AveHazel","01-16",0.9626945796461,0.992194436010719,93
"PB3","AveHazel","01-17",0.95113241427477,0.991586295670888,93
"PB3","AveHazel","01-18",0.934303772028279,0.990782237097219,93
"PB3","AveHazel","01-19",0.934303772028279,0.990803351601074,92
"PB3","AveHazel","01-20",0.918725566972033,0.990041061216839,92
"PB3","AveHazel","01-21",0.899180422167181,0.98908338122329,92
"PB3","AveHazel","01-22",0.878128076849472,0.988018799637163,92
"PB3","AveHazel","01-23",0.878128076849472,0.988021976701165,91
"PB3","AveHazel","01-24",0.860225837399828,0.987108361701598,91
"PB3","AveHazel","01-25",0.842226971050554,0.986172140768888,91
"PB3","AveHazel","01-26",0.842226971050554,0.986201527000841,90
"PB3","AveHazel","01-27",0.822311030755368,0.985135015296378,90
"PB3","AveHazel","01-28",0.804304120030442,0.984161525068313,90
"PB3","AveHazel","01-29",0.785775888838552,0.983135156660585,90
"PB3","AveHazel","01-30",0.785775888838552,0.983176677415166,89
"PB3","AveHazel","01-31",0.762081335685287,0.98171539762465,89
"PB3","AveHazel","10-01",0.00125331707576727,0.0229925255655552,58.31
"PB3","AveHazel","10-02",0.00136764683762192,0.0307475151028365,58.56
"PB3","AveHazel","10-03",0.00150290156540506,0.0407726139145256,58.81
"PB3","AveHazel","10-04",0.00169573638705802,0.0527413361224631,59.06
"PB3","AveHazel","10-05",0.00192615908640625,0.0629448078241967,59.43
"PB3","AveHazel","10-06",0.00218869700531907,0.0729265267806301,60.06
"PB3","AveHazel","10-07",0.0025122590240295,0.0846871511544547,60.43
"PB3","AveHazel","10-08",0.00288734863808005,0.0984165687216153,61.06
"PB3","AveHazel","10-09",0.0033445526511994,0.113693252372126,61.31
"PB3","AveHazel","10-10",0.00388266334983026,0.128267249802869,61.68
"PB3","AveHazel","10-11",0.00450865688956726,0.143233723323373,62.31
"PB3","AveHazel","10-12",0.00523727077143636,0.159156698092458,62.68
"PB3","AveHazel","10-13",0.00607954934832341,0.176634264672863,63.31
"PB3","AveHazel","10-14",0.00704741329219997,0.196723555667865,63.68
"PB3","AveHazel","10-15",0.00816244272414838,0.220934472844246,64.43
"PB3","AveHazel","10-16",0.00944483543343722,0.246240649039227,65.06
"PB3","AveHazel","10-17",0.0109079546335036,0.271747925441726,65.49
"PB3","AveHazel","10-18",0.0126594115917855,0.308010775201303,66.37
"PB3","AveHazel","10-19",0.0149366414018845,0.382631070953961,66.93
"PB3","AveHazel","10-20",0.0174567389768498,0.451393499553524,67.68
"PB3","AveHazel","10-21",0.0201111892357976,0.50448671457507,68.37
"PB3","AveHazel","10-22",0.0229940904362222,0.546047727800297,68.93
"PB3","AveHazel","10-23",0.0263038780416522,0.584290924190122,69.68
"PB3","AveHazel","10-24",0.0301047755441109,0.623437948194677,70.49
"PB3","AveHazel","10-25",0.034406945277434,0.661301737170149,71.37
"PB3","AveHazel","10-26",0.0392871616152818,0.700163992299952,71.93
"PB3","AveHazel","10-27",0.0446298047209383,0.735735514528028,72.68
"PB3","AveHazel","10-28",0.0498587334510521,0.7590212121992,73.43
"PB3","AveHazel","10-29",0.0552002465890164,0.777617498438155,74.31
"PB3","AveHazel","10-30",0.0611187153166815,0.795798283195118,74.87
"PB3","AveHazel","10-31",0.0676521431761103,0.812465846720004,75.68
"PB3","AveHazel","11-01",0.0746631613296335,0.827810049446905,76.37
"PB3","AveHazel","11-02",0.0823076201194176,0.839652543847594,76.93
"PB3","AveHazel","11-03",0.0903062494999396,0.849289223070853,77.62
"PB3","AveHazel","11-04",0.0988364501103393,0.858682865915205,78.37
"PB3","AveHazel","11-05",0.107547721078081,0.865628593546314,78.87
"PB3","AveHazel","11-06",0.117101163617097,0.871330515101924,79.43
"PB3","AveHazel","11-07",0.128246338708721,0.878626347479677,80.31
"PB3","AveHazel","11-08",0.140730795694678,0.886992544370636,80.87
"PB3","AveHazel","11-09",0.154295717252361,0.895922884752504,81.49
"PB3","AveHazel","11-10",0.16886110217491,0.904369209529607,82.37
"PB3","AveHazel","11-11",0.184582305844132,0.911657179340658,82.87
"PB3","AveHazel","11-12",0.201192895085149,0.91741075999766,83.49
"PB3","AveHazel","11-13",0.219256227302738,0.922912610774841,84.31
"PB3","AveHazel","11-14",0.240155443993569,0.929601588073937,84.74
"PB3","AveHazel","11-15",0.264567020907464,0.938229643053515,85.68
"PB3","AveHazel","11-16",0.291469681268245,0.946660940966402,86.37
"PB3","AveHazel","11-17",0.31943482969529,0.952721083713044,86.93
"PB3","AveHazel","11-18",0.349304943352731,0.958156775715114,87.68
"PB3","AveHazel","11-19",0.380334499450273,0.962888019144972,88.5
"PB3","AveHazel","11-20",0.412959259769231,0.967336890137513,88.74
"PB3","AveHazel","11-21",0.447710663845032,0.971520452277596,89.56
"PB3","AveHazel","11-22",0.483667894450735,0.97517827996384,90.12
"PB3","AveHazel","11-23",0.523182755240323,0.979059672338179,90.62
"PB3","AveHazel","11-24",0.564565117751271,0.982420360648998,91.12
"PB3","AveHazel","11-25",0.608063868195444,0.985481558319049,91.81
"PB3","AveHazel","11-26",0.654701047582002,0.988396903549524,92.18
"PB3","AveHazel","11-27",0.703275689160012,0.991023979981041,92.81
"PB3","AveHazel","11-28",0.749968306227131,0.992949799265571,93.24
"PB3","AveHazel","11-29",0.796314359279353,0.994486891817119,94
"PB3","AveHazel","11-30",0.843053351133489,0.995939791069429,94.24
"PB3","AveHazel","12-01",0.886166466863224,0.997075631866926,95
"PB3","AveHazel","12-02",0.907155087160671,0.997309337646531,95
"PB3","AveHazel","12-03",0.927004577736783,0.997525622532202,95
"PB3","AveHazel","12-04",0.945344343268987,0.997698371557286,95.24
"PB3","AveHazel","12-05",0.960430923639281,0.9978191181465,96
"PB3","AveHazel","12-06",0.972793610334762,0.99794402478101,96
"PB3","AveHazel","12-07",0.983729102117936,0.998041374979222,96
"PB3","AveHazel","12-08",0.992338420424116,0.998124667734539,96
"PB3","AveHazel","12-09",0.997958527720361,0.998187804689063,96.24
"PB3","AveHazel","12-10",1,0.998195701130607,97
"PB3","AveHazel","12-11",1,0.998219412570334,97
"PB3","AveHazel","12-12",1,0.998232220700323,97
"PB3","AveHazel","12-13",1,0.998245411432542,97
"PB3","AveHazel","12-14",1,0.99824734131934,97
"PB3","AveHazel","12-15",1,0.998228082963807,97
"PB3","AveHazel","12-16",1,0.998192104304698,97
"PB3","AveHazel","12-17",1,0.998154237746411,97
"PB3","AveHazel","12-18",1,0.998089206142253,97
"PB3","AveHazel","12-19",1,0.998016379733698,97
"PB3","AveHazel","12-20",1,0.997935333808685,97
"PB3","AveHazel","12-21",1,0.997839699990292,97
"PB3","AveHazel","12-22",1,0.997749119166881,97
"PB3","AveHazel","12-23",1,0.997646057196058,97
"PB3","AveHazel","12-24",1,0.997544033257161,97
"PB3","AveHazel","12-25",1,0.997433772667591,97
"PB3","AveHazel","12-26",1,0.997291782380651,97
"PB3","AveHazel","12-27",1,0.997143360729902,97
"PB3","AveHazel","12-28",1,0.996974162821287,97
"PB3","AveHazel","12-29",1,0.996835535178487,97
"PB3","AveHazel","12-30",1,0.996675372549046,97
"PB3","AveHazel","12-31",1,0.996691892002231,96
"PB3","AveWatt","01-01",0.912048921513721,0.990595006928776,93
"PB3","AveWatt","01-02",0.912048921513721,0.990614763905272,92
"PB3","AveWatt","01-03",0.894486136705489,0.989749494302445,92
"PB3","AveWatt","01-04",0.876778143047282,0.988862731258296,92
"PB3","AveWatt","01-05",0.864288593155031,0.988191551647922,92
"PB3","AveWatt","01-06",0.864288593155031,0.988213965094956,91
"PB3","AveWatt","01-07",0.845792666758561,0.987253341140034,91
"PB3","AveWatt","01-08",0.825226774255589,0.986141755413778,91
"PB3","AveWatt","01-09",0.79790860417497,0.984419722026894,91
"PB3","AveWatt","01-10",0.79790860417497,0.984441881618663,90
"PB3","AveWatt","01-11",0.773901976712946,0.982966259675392,90
"PB3","AveWatt","01-12",0.747539896872757,0.981171194339311,90
"PB3","AveWatt","01-13",0.747539896872757,0.981199226209782,89
"PB3","AveWatt","01-14",0.726196964340438,0.979837785125146,89
"PB3","AveWatt","01-15",0.703353940813174,0.978244132933876,89
"PB3","AveWatt","01-16",0.680289161607602,0.976567144160765,89
"PB3","AveWatt","01-17",0.680289161607602,0.976594808048087,88
"PB3","AveWatt","01-18",0.658156416459432,0.974943606872633,88
"PB3","AveWatt","01-19",0.633888703101853,0.972896744582156,88
"PB3","AveWatt","01-20",0.633888703101853,0.97292986601058,87
"PB3","AveWatt","01-21",0.608060602755342,0.970456480004489,87
"PB3","AveWatt","01-22",0.579215540468513,0.966992358546514,87
"PB3","AveWatt","01-23",0.549713515117853,0.962878228375317,87
"PB3","AveWatt","01-24",0.549713515117853,0.962922549301415,86
"PB3","AveWatt","01-25",0.519372879258844,0.957852865309992,86
"PB3","AveWatt","01-26",0.489912282868151,0.952404053068759,86
"PB3","AveWatt","01-27",0.489912282868151,0.952407912804968,85
"PB3","AveWatt","01-28",0.460748240233979,0.94615722825109,85
"PB3","AveWatt","01-29",0.431247150386739,0.93835365337709,85
"PB3","AveWatt","01-30",0.431247150386739,0.938429088733957,84
"PB3","AveWatt","01-31",0.40571119946716,0.932383649713623,84
"PB3","AveWatt","10-01",0.00182501314554101,0.00129839566768764,59.31
"PB3","AveWatt","10-02",0.00210171078938926,0.00355908737798812,59.62
"PB3","AveWatt","10-03",0.00242626399965994,0.00727738609733469,60.12
"PB3","AveWatt","10-04",0.00283953544721878,0.0115207471467904,60.62
"PB3","AveWatt","10-05",0.00333255591597521,0.0174051884699553,61.12
"PB3","AveWatt","10-06",0.00392518128224483,0.0247261800782157,61.68
"PB3","AveWatt","10-07",0.00464007597836145,0.0341833487990725,62.31
"PB3","AveWatt","10-08",0.0054994141860302,0.0471756289442274,62.74
"PB3","AveWatt","10-09",0.00650831390718459,0.0613323581785,63.56
"PB3","AveWatt","10-10",0.00767439230519888,0.0747193390598867,63.93
"PB3","AveWatt","10-11",0.00902478710029973,0.0881289331043309,64.56
"PB3","AveWatt","10-12",0.0105961245923364,0.102963178657954,64.93
"PB3","AveWatt","10-13",0.0123923088373544,0.116918078841277,65.74
"PB3","AveWatt","10-14",0.0144535618206819,0.130935605861708,66.56
"PB3","AveWatt","10-15",0.0169017948998638,0.148687139240137,66.93
"PB3","AveWatt","10-16",0.0197663007955791,0.169063480775916,67.74
"PB3","AveWatt","10-17",0.0230865874487576,0.190936134537141,68.68
"PB3","AveWatt","10-18",0.0270757889442861,0.220722757161773,69.49
"PB3","AveWatt","10-19",0.0320887628322597,0.272841090912029,70.37
"PB3","AveWatt","10-20",0.0378336397056994,0.333907924684672,70.93
"PB3","AveWatt","10-21",0.0444124016434059,0.39714986317761,71.74
"PB3","AveWatt","10-22",0.0521233405896068,0.473428958245877,72.87
"PB3","AveWatt","10-23",0.0613364405005814,0.560912751567768,73.68
"PB3","AveWatt","10-24",0.0721570077363095,0.667822306183989,74.49
"PB3","AveWatt","10-25",0.0840834606172643,0.755118000655202,75.43
"PB3","AveWatt","10-26",0.0959280916100608,0.798338425003978,76.37
"PB3","AveWatt","10-27",0.107986874203882,0.826839826111072,76.99
"PB3","AveWatt","10-28",0.121201579469892,0.851006012429704,77.87
"PB3","AveWatt","10-29",0.136455592989931,0.878420285267072,78.43
"PB3","AveWatt","10-30",0.153573658593173,0.901585604499468,79.18
"PB3","AveWatt","10-31",0.172985799134963,0.926470437452176,79.99
"PB3","AveWatt","11-01",0.193179757418252,0.943964179721642,80.87
"PB3","AveWatt","11-02",0.211114262842161,0.951302615219596,81.37
"PB3","AveWatt","11-03",0.22614568207608,0.954888358297755,81.87
"PB3","AveWatt","11-04",0.241145905838523,0.95765909297677,82.37
"PB3","AveWatt","11-05",0.254897992552872,0.959634804366324,82.87
"PB3","AveWatt","11-06",0.26907645974203,0.961690620618325,83.37
"PB3","AveWatt","11-07",0.282698503803571,0.963315180444362,83.81
"PB3","AveWatt","11-08",0.294332792878518,0.964647116815054,84.18
"PB3","AveWatt","11-09",0.307076766436447,0.966231831031588,84.87
"PB3","AveWatt","11-10",0.319499374380583,0.967717438875522,85.25
"PB3","AveWatt","11-11",0.333563717530042,0.968943434386962,85.68
"PB3","AveWatt","11-12",0.352411902905517,0.970550576410582,86.25
"PB3","AveWatt","11-13",0.376626877835893,0.973049236221172,86.49
"PB3","AveWatt","11-14",0.403425345611105,0.975628759430903,87.31
"PB3","AveWatt","11-15",0.430929528861717,0.977852966394557,87.68
"PB3","AveWatt","11-16",0.45735725618296,0.979458487328308,88.31
"PB3","AveWatt","11-17",0.483157873573766,0.980642067003512,88.68
"PB3","AveWatt","11-18",0.509210284139103,0.981683108913817,89.25
"PB3","AveWatt","11-19",0.534320962239854,0.982624827977656,89.31
"PB3","AveWatt","11-20",0.565180872348915,0.984323483549529,89.68
"PB3","AveWatt","11-21",0.601353332571285,0.986800133882026,90.31
"PB3","AveWatt","11-22",0.636077749780601,0.988623622629448,90.68
"PB3","AveWatt","11-23",0.673883162730602,0.990406889644826,91.31
"PB3","AveWatt","11-24",0.712093566604885,0.991765075218589,91.56
"PB3","AveWatt","11-25",0.753717485898947,0.993169888300614,91.93
"PB3","AveWatt","11-26",0.79632777354906,0.994401938928311,92.37
"PB3","AveWatt","11-27",0.834608732122769,0.99534545444477,92.81
"PB3","AveWatt","11-28",0.866641950831204,0.996066826703829,93.06
"PB3","AveWatt","11-29",0.896478678622838,0.996616241537264,93.24
"PB3","AveWatt","11-30",0.923004051512921,0.997042928724261,94
"PB3","AveWatt","12-01",0.947827123199797,0.997373051767286,94
"PB3","AveWatt","12-02",0.959791699728658,0.997477953459977,94
"PB3","AveWatt","12-03",0.972281507841706,0.997565484123199,94.24
"PB3","AveWatt","12-04",0.982795324700775,0.997645535181302,94.24
"PB3","AveWatt","12-05",0.988505201036176,0.99762824137007,95
"PB3","AveWatt","12-06",0.993638618281519,0.997654157291736,95
"PB3","AveWatt","12-07",0.997370773906889,0.997672440999688,95
"PB3","AveWatt","12-08",1,0.997664551098049,95
"PB3","AveWatt","12-09",1,0.997608693183422,95
"PB3","AveWatt","12-10",1,0.997540013564298,95
"PB3","AveWatt","12-11",1,0.997475914436798,95
"PB3","AveWatt","12-12",1,0.997401141601854,95
"PB3","AveWatt","12-13",1,0.997297186167888,95
"PB3","AveWatt","12-14",1,0.997190100473614,95
"PB3","AveWatt","12-15",1,0.997066472705534,95
"PB3","AveWatt","12-16",1,0.996915322374633,95
"PB3","AveWatt","12-17",1,0.996728169703111,95
"PB3","AveWatt","12-18",1,0.99644918706831,95
"PB3","AveWatt","12-19",1,0.99614753938036,95
"PB3","AveWatt","12-20",0.995075084030596,0.995729013683566,95
"PB3","AveWatt","12-21",0.986519602133375,0.995225880806811,95
"PB3","AveWatt","12-22",0.986519602133375,0.99526143407182,94
"PB3","AveWatt","12-23",0.980363278820264,0.994809668293836,94
"PB3","AveWatt","12-24",0.973826728721315,0.994346921225182,94
"PB3","AveWatt","12-25",0.966504582562532,0.993863862803727,94
"PB3","AveWatt","12-26",0.962172070314182,0.99344621225499,94
"PB3","AveWatt","12-27",0.955175892664705,0.992964051527837,94
"PB3","AveWatt","12-28",0.955175892664705,0.992981971391627,93
"PB3","AveWatt","12-29",0.946639684731302,0.992460926830615,93
"PB3","AveWatt","12-30",0.936586947290036,0.991896973490397,93
"PB3","AveWatt","12-31",0.927508118286629,0.991358983810563,93
"PB4","AveHazel","01-01",1,0.99651768829097,96
"PB4","AveHazel","01-02",1,0.996326461074447,96
"PB4","AveHazel","01-03",1,0.996129404183432,96
"PB4","AveHazel","01-04",1,0.995884767683903,96
"PB4","AveHazel","01-05",1,0.995579743132767,96
"PB4","AveHazel","01-06",1,0.995594273522838,95
"PB4","AveHazel","01-07",1,0.995268863882941,95
"PB4","AveHazel","01-08",1,0.994957877554718,95
"PB4","AveHazel","01-09",0.998994672347463,0.994602297723685,95
"PB4","AveHazel","01-10",0.992196027022709,0.994128843691954,95
"PB4","AveHazel","01-11",0.992196027022709,0.994145772215632,94
"PB4","AveHazel","01-12",0.985286905193588,0.993669801632551,94
"PB4","AveHazel","01-13",0.978775244666232,0.993201553634616,94
"PB4","AveHazel","01-14",0.973581581020255,0.992762678556866,94
"PB4","AveHazel","01-15",0.973581581020255,0.992780162289121,93
"PB4","AveHazel","01-16",0.9626945796461,0.992194436010734,93
"PB4","AveHazel","01-17",0.951132414274769,0.991586295670878,93
"PB4","AveHazel","01-18",0.934303772028279,0.990782237097218,93
"PB4","AveHazel","01-19",0.934303772028279,0.990803351601075,92
"PB4","AveHazel","01-20",0.918725566972033,0.990041061216857,92
"PB4","AveHazel","01-21",0.899180422167182,0.989083381223317,92
"PB4","AveHazel","01-22",0.878128076849474,0.988018799637187,92
"PB4","AveHazel","01-23",0.878128076849474,0.988021976701187,91
"PB4","AveHazel","01-24",0.860225837399826,0.987108361701567,91
"PB4","AveHazel","01-25",0.842226971050553,0.986172140768914,91
"PB4","AveHazel","01-26",0.842226971050553,0.986201527000811,90
"PB4","AveHazel","01-27",0.822311030755369,0.985135015296345,90
"PB4","AveHazel","01-28",0.804304120030443,0.984161525068273,90
"PB4","AveHazel","01-29",0.785775888838553,0.983135156660568,90
"PB4","AveHazel","01-30",0.785775888838553,0.983176677415142,89
"PB4","AveHazel","01-31",0.762081335685283,0.98171539762466,89
"PB4","AveHazel","10-01",0.0013370097001824,0.0246955828644377,58.5
"PB4","AveHazel","10-02",0.00146835156136203,0.0330244710322635,58.62
"PB4","AveHazel","10-03",0.00160181660913925,0.0437181686741313,59.06
"PB4","AveHazel","10-04",0.00180675120397593,0.0565044746306104,59.37
"PB4","AveHazel","10-05",0.00205065132228491,0.0673929947906358,59.87
"PB4","AveHazel","10-06",0.00234205065313365,0.0780803473441078,60.25
"PB4","AveHazel","10-07",0.00269557933682209,0.0906854997861454,60.43
"PB4","AveHazel","10-08",0.00309815292804407,0.105406568740944,61.06
"PB4","AveHazel","10-09",0.0035882491685842,0.121798853647648,61.37
"PB4","AveHazel","10-10",0.00416465740791282,0.137395415250172,61.87
"PB4","AveHazel","10-11",0.00483769232282904,0.153414392196427,62.37
"PB4","AveHazel","10-12",0.00561947942017529,0.170485790426099,62.87
"PB4","AveHazel","10-13",0.00652322630198357,0.189276675277455,63.37
"PB4","AveHazel","10-14",0.00756172359408595,0.210917648068717,63.93
"PB4","AveHazel","10-15",0.00875812630442458,0.237017665124574,64.68
"PB4","AveHazel","10-16",0.0101341062284979,0.264429202475499,65.31
"PB4","AveHazel","10-17",0.0117040018082486,0.292090251937721,65.68
"PB4","AveHazel","10-18",0.0135836330522972,0.331467368788598,66.49
"PB4","AveHazel","10-19",0.0160300723990954,0.412572436165224,67.37
"PB4","AveHazel","10-20",0.0187432471287026,0.485877677919532,67.93
"PB4","AveHazel","10-21",0.0216034781698054,0.535404223331258,68.62
"PB4","AveHazel","10-22",0.0247051410553486,0.569253236205721,69.24
"PB4","AveHazel","10-23",0.0282642410348795,0.602625806896686,70.12
"PB4","AveHazel","10-24",0.0323493855208939,0.637192614734599,70.74
"PB4","AveHazel","10-25",0.0369703157316704,0.670807045876771,71.62
"PB4","AveHazel","10-26",0.0422103479593863,0.706979846045418,72.24
"PB4","AveHazel","10-27",0.0479452166091259,0.743368772755011,73.18
"PB4","AveHazel","10-28",0.0535533099090273,0.768650651490783,73.87
"PB4","AveHazel","10-29",0.0592814780867382,0.787048481915839,74.43
"PB4","AveHazel","10-30",0.0656362512161623,0.805402829485497,75.18
"PB4","AveHazel","10-31",0.0726615123861024,0.823467018903116,75.87
"PB4","AveHazel","11-01",0.0802002511951569,0.83881169849276,76.62
"PB4","AveHazel","11-02",0.0884140663824201,0.85181000711855,77.18
"PB4","AveHazel","11-03",0.0970015604030367,0.862518438726089,77.87
"PB4","AveHazel","11-04",0.106155076691743,0.872811297278666,78.62
"PB4","AveHazel","11-05",0.115515890507255,0.880269229989782,79.18
"PB4","AveHazel","11-06",0.12579912783695,0.885894457796588,79.87
"PB4","AveHazel","11-07",0.137792492892083,0.893255668650945,80.43
"PB4","AveHazel","11-08",0.151220959749174,0.901885408942014,81.18
"PB4","AveHazel","11-09",0.165797514785041,0.910979426092002,82.06
"PB4","AveHazel","11-10",0.181425310112636,0.919753516585738,82.43
"PB4","AveHazel","11-11",0.198299969923984,0.927146303031502,83.12
"PB4","AveHazel","11-12",0.216147161912726,0.93290787229179,83.93
"PB4","AveHazel","11-13",0.235546770396792,0.938562373532316,84.62
"PB4","AveHazel","11-14",0.257443899693308,0.944802696079822,85.12
"PB4","AveHazel","11-15",0.280775904554923,0.950247041525856,85.74
"PB4","AveHazel","11-16",0.30469316847909,0.954399849453035,86.56
"PB4","AveHazel","11-17",0.329503033539818,0.957819401911677,87.12
"PB4","AveHazel","11-18",0.355725996661383,0.960799901296966,87.74
"PB4","AveHazel","11-19",0.382217702388307,0.96328557319654,88.5
"PB4","AveHazel","11-20",0.409455186252799,0.965647928964867,88.74
"PB4","AveHazel","11-21",0.439000279954278,0.968192692112978,89.5
"PB4","AveHazel","11-22",0.472814694564946,0.97154519790301,89.74
"PB4","AveHazel","11-23",0.512810948236781,0.97618170857772,90.62
"PB4","AveHazel","11-24",0.554519007529978,0.979973321664411,91.12
"PB4","AveHazel","11-25",0.598770110928055,0.983579998600695,91.62
"PB4","AveHazel","11-26",0.646380605638294,0.987021315177707,92.18
"PB4","AveHazel","11-27",0.69623693931127,0.990139360342428,92.81
"PB4","AveHazel","11-28",0.744594035267406,0.99237759128193,93.24
"PB4","AveHazel","11-29",0.793220851332505,0.994206553479827,94
"PB4","AveHazel","11-30",0.842190492407525,0.995869530441583,94.24
"PB4","AveHazel","12-01",0.886166466863217,0.997075631866923,95
"PB4","AveHazel","12-02",0.907155087160687,0.997309337646601,95
"PB4","AveHazel","12-03",0.92700457773679,0.997525622532184,95
"PB4","AveHazel","12-04",0.945344343268988,0.997698371557273,95.24
"PB4","AveHazel","12-05",0.960430923639277,0.997819118146511,96
"PB4","AveHazel","12-06",0.972793610334754,0.997944024780983,96
"PB4","AveHazel","12-07",0.983729102117945,0.998041374979279,96
"PB4","AveHazel","12-08",0.992338420424109,0.998124667734518,96
"PB4","AveHazel","12-09",0.997958527720376,0.998187804689083,96.24
"PB4","AveHazel","12-10",1,0.998195701130641,97
"PB4","AveHazel","12-11",1,0.998219412570289,97
"PB4","AveHazel","12-12",1,0.998232220700354,97
"PB4","AveHazel","12-13",1,0.998245411432552,97
"PB4","AveHazel","12-14",1,0.998247341319321,97
"PB4","AveHazel","12-15",1,0.998228082963834,97
"PB4","AveHazel","12-16",1,0.998192104304709,97
"PB4","AveHazel","12-17",1,0.998154237746403,97
"PB4","AveHazel","12-18",1,0.998089206142284,97
"PB4","AveHazel","12-19",1,0.998016379733707,97
"PB4","AveHazel","12-20",1,0.997935333808672,97
"PB4","AveHazel","12-21",1,0.997839699990272,97
"PB4","AveHazel","12-22",1,0.997749119166868,97
"PB4","AveHazel","12-23",1,0.997646057196066,97
"PB4","AveHazel","12-24",1,0.997544033257211,97
"PB4","AveHazel","12-25",1,0.997433772667544,97
"PB4","AveHazel","12-26",1,0.997291782380618,97
"PB4","AveHazel","12-27",1,0.997143360729912,97
"PB4","AveHazel","12-28",1,0.99697416282131,97
"PB4","AveHazel","12-29",1,0.996835535178458,97
"PB4","AveHazel","12-30",1,0.996675372549017,97
"PB4","AveHazel","12-31",1,0.996691892002263,96
"PB4","AveWatt","01-01",0.912048921513719,0.990595006929098,93
"PB4","AveWatt","01-02",0.912048921513719,0.990614763905261,92
"PB4","AveWatt","01-03",0.894486136705486,0.989749494302771,92
"PB4","AveWatt","01-04",0.87677814304728,0.98886273125851,92
"PB4","AveWatt","01-05",0.864288593155031,0.988191551647727,92
"PB4","AveWatt","01-06",0.864288593155031,0.988213965094754,91
"PB4","AveWatt","01-07",0.845792666758563,0.987253341140263,91
"PB4","AveWatt","01-08",0.825226774255588,0.986141755414276,91
"PB4","AveWatt","01-09",0.797908604174975,0.984419722026846,91
"PB4","AveWatt","01-10",0.797908604174975,0.984441881618784,90
"PB4","AveWatt","01-11",0.773901976712946,0.982966259675878,90
"PB4","AveWatt","01-12",0.747539896872759,0.981171194338801,90
"PB4","AveWatt","01-13",0.747539896872759,0.981199226209172,89
"PB4","AveWatt","01-14",0.726196964340438,0.979837785125382,89
"PB4","AveWatt","01-15",0.703353940813176,0.978244132934231,89
"PB4","AveWatt","01-16",0.680289161607601,0.976567144160557,89
"PB4","AveWatt","01-17",0.680289161607601,0.976594808048041,88
"PB4","AveWatt","01-18",0.658156416459432,0.974943606872964,88
"PB4","AveWatt","01-19",0.633888703101851,0.972896744581408,88
"PB4","AveWatt","01-20",0.633888703101851,0.972929866010641,87
"PB4","AveWatt","01-21",0.608060602755343,0.970456480005024,87
"PB4","AveWatt","01-22",0.579215540468512,0.966992358546285,87
"PB4","AveWatt","01-23",0.549713515117853,0.962878228375357,87
"PB4","AveWatt","01-24",0.549713515117853,0.962922549301325,86
"PB4","AveWatt","01-25",0.519372879258846,0.95785286531048,86
"PB4","AveWatt","01-26",0.489912282868151,0.952404053068971,86
"PB4","AveWatt","01-27",0.489912282868151,0.952407912805188,85
"PB4","AveWatt","01-28",0.460748240233977,0.946157228251574,85
"PB4","AveWatt","01-29",0.43124715038674,0.938353653376873,85
"PB4","AveWatt","01-30",0.43124715038674,0.938429088734047,84
"PB4","AveWatt","01-31",0.40571119946716,0.932383649713953,84
"PB4","AveWatt","10-01",0.00204155684774827,0.00134147929875165,59.81
"PB4","AveWatt","10-02",0.00235623993611394,0.0036792817619582,60.12
"PB4","AveWatt","10-03",0.0027375643224732,0.00752577615167972,60.62
"PB4","AveWatt","10-04",0.00321307675072991,0.0119241325369883,61.12
"PB4","AveWatt","10-05",0.00377708754457769,0.018020842716007,61.62
"PB4","AveWatt","10-06",0.00445476469024996,0.0256045865777061,62.12
"PB4","AveWatt","10-07",0.00527262599873591,0.0354160060734797,62.68
"PB4","AveWatt","10-08",0.0062489969799726,0.0488922818556815,63.31
"PB4","AveWatt","10-09",0.00739541205207317,0.0635630378329681,63.74
"PB4","AveWatt","10-10",0.00872042961596445,0.0774235814087059,64.5
"PB4","AveWatt","10-11",0.0102548863255158,0.0913224774160711,64.74
"PB4","AveWatt","10-12",0.0120404007294314,0.106692989066878,65.74
"PB4","AveWatt","10-13",0.0140814090155693,0.121162111704258,66.5
"PB4","AveWatt","10-14",0.0164236155183078,0.135704791095626,66.74
"PB4","AveWatt","10-15",0.0192055483934384,0.154109807318286,67.74
"PB4","AveWatt","10-16",0.0224604930267976,0.175249907860973,68.5
"PB4","AveWatt","10-17",0.0262333423824729,0.197952899078218,68.74
"PB4","AveWatt","10-18",0.0307683069310102,0.228748771431564,69.74
"PB4","AveWatt","10-19",0.0364736730844282,0.282496304074231,70.74
"PB4","AveWatt","10-20",0.0430162452632446,0.345689319486221,71.68
"PB4","AveWatt","10-21",0.0505171248496141,0.410765768700084,72.43
"PB4","AveWatt","10-22",0.059302661012751,0.488744378310018,73.24
"PB4","AveWatt","10-23",0.0697883630474099,0.578502253875788,74.18
"PB4","AveWatt","10-24",0.0820982538933827,0.687403078112081,75.18
"PB4","AveWatt","10-25",0.0956718014030849,0.773027778351312,75.99
"PB4","AveWatt","10-26",0.109140493404149,0.811929183495453,76.93
"PB4","AveWatt","10-27",0.122810208389107,0.838173330725596,77.62
"PB4","AveWatt","10-28",0.137779392348539,0.860686145773123,78.18
"PB4","AveWatt","10-29",0.155077712616284,0.884620146484197,78.99
"PB4","AveWatt","10-30",0.174541022133367,0.907663341039248,79.93
"PB4","AveWatt","10-31",0.196677413262425,0.934106128483654,80.62
"PB4","AveWatt","11-01",0.219707069045591,0.951620851665086,81.18
"PB4","AveWatt","11-02",0.240128520412049,0.958902312688758,81.81
"PB4","AveWatt","11-03",0.257208508460139,0.962152581474655,82.18
"PB4","AveWatt","11-04",0.274231174015382,0.964507580573148,82.81
"PB4","AveWatt","11-05",0.28989207393017,0.966395476001033,83.56
"PB4","AveWatt","11-06",0.306110350731648,0.968459110342141,83.87
"PB4","AveWatt","11-07",0.321692081806998,0.970167363911293,84.37
"PB4","AveWatt","11-08",0.33497268610754,0.971526739690315,84.81
"PB4","AveWatt","11-09",0.349440601401868,0.973071616066865,85.12
"PB4","AveWatt","11-10",0.363489628964463,0.974521681172931,85.81
"PB4","AveWatt","11-11",0.379447826371878,0.975699534805938,86.06
"PB4","AveWatt","11-12",0.400900403898788,0.977358252616866,86.43
"PB4","AveWatt","11-13",0.428482399073157,0.979886372812288,87.12
"PB4","AveWatt","11-14",0.45902799379301,0.982487620267327,87.62
"PB4","AveWatt","11-15",0.49036432672916,0.984698291148049,88.12
"PB4","AveWatt","11-16",0.520446683521641,0.986324375339192,88.62
"PB4","AveWatt","11-17",0.549754101142514,0.987527553997298,89.12
"PB4","AveWatt","11-18",0.579420199721995,0.988558710138826,89.56
"PB4","AveWatt","11-19",0.606185470325985,0.989345028778364,89.93
"PB4","AveWatt","11-20",0.631224488467156,0.99010971506908,90.5
"PB4","AveWatt","11-21",0.65567976800026,0.990896128919663,90.56
"PB4","AveWatt","11-22",0.679246310429532,0.991573448254126,90.74
"PB4","AveWatt","11-23",0.70556549033637,0.992293051809372,91.5
"PB4","AveWatt","11-24",0.730812366605754,0.992899880178967,91.62
"PB4","AveWatt","11-25",0.758797782455281,0.993534838715151,92.12
"PB4","AveWatt","11-26",0.789521321366019,0.994186342909576,92.37
"PB4","AveWatt","11-27",0.824135928121736,0.995001925441778,92.81
"PB4","AveWatt","11-28",0.859057321413961,0.995871049642453,93
"PB4","AveWatt","11-29",0.891140777951897,0.996496430199967,93.24
"PB4","AveWatt","11-30",0.920700724646254,0.996991529178988,94
"PB4","AveWatt","12-01",0.947827123199798,0.997373051767417,94
"PB4","AveWatt","12-02",0.959791699728658,0.997477953459684,94
"PB4","AveWatt","12-03",0.972281507841703,0.997565484122952,94.24
"PB4","AveWatt","12-04",0.982795324700776,0.997645535181287,94.24
"PB4","AveWatt","12-05",0.988505201036175,0.997628241370359,95
"PB4","AveWatt","12-06",0.993638618281516,0.997654157291752,95
"PB4","AveWatt","12-07",0.99737077390689,0.997672440999701,95
"PB4","AveWatt","12-08",1,0.997664551098463,95
"PB4","AveWatt","12-09",1,0.997608693183597,95
"PB4","AveWatt","12-10",1,0.997540013564052,95
"PB4","AveWatt","12-11",1,0.997475914436773,95
"PB4","AveWatt","12-12",1,0.997401141602416,95
"PB4","AveWatt","12-13",1,0.997297186167797,95
"PB4","AveWatt","12-14",1,0.997190100473474,95
"PB4","AveWatt","12-15",1,0.997066472705828,95
"PB4","AveWatt","12-16",1,0.99691532237421,95
"PB4","AveWatt","12-17",1,0.996728169703303,95
"PB4","AveWatt","12-18",1,0.996449187068925,95
"PB4","AveWatt","12-19",1,0.996147539380802,95
"PB4","AveWatt","12-20",0.995075084030595,0.995729013683364,95
"PB4","AveWatt","12-21",0.986519602133378,0.995225880807024,95
"PB4","AveWatt","12-22",0.986519602133378,0.995261434071718,94
"PB4","AveWatt","12-23",0.980363278820262,0.994809668294241,94
"PB4","AveWatt","12-24",0.973826728721312,0.994346921225332,94
"PB4","AveWatt","12-25",0.966504582562536,0.993863862803821,94
"PB4","AveWatt","12-26",0.962172070314184,0.993446212254587,94
"PB4","AveWatt","12-27",0.955175892664708,0.992964051528303,94
"PB4","AveWatt","12-28",0.955175892664708,0.992981971391799,93
"PB4","AveWatt","12-29",0.946639684731301,0.992460926830042,93
"PB4","AveWatt","12-30",0.936586947290042,0.991896973490063,93
"PB4","AveWatt","12-31",0.927508118286631,0.991358983810338,93
"PB5","AveHazel","01-01",1,0.996517688290941,96
"PB5","AveHazel","01-02",1,0.996326461074465,96
"PB5","AveHazel","01-03",1,0.996129404183466,96
"PB5","AveHazel","01-04",1,0.995884767683853,96
"PB5","AveHazel","01-05",1,0.995579743132768,96
"PB5","AveHazel","01-06",1,0.995594273522839,95
"PB5","AveHazel","01-07",1,0.995268863882964,95
"PB5","AveHazel","01-08",1,0.994957877554714,95
"PB5","AveHazel","01-09",0.998994672347465,0.994602297723665,95
"PB5","AveHazel","01-10",0.992196027022708,0.994128843692001,95
"PB5","AveHazel","01-11",0.992196027022708,0.994145772215618,94
"PB5","AveHazel","01-12",0.985286905193585,0.993669801632551,94
"PB5","AveHazel","01-13",0.978775244666232,0.993201553634608,94
"PB5","AveHazel","01-14",0.973581581020254,0.992762678556838,94
"PB5","AveHazel","01-15",0.973581581020254,0.992780162289084,93
"PB5","AveHazel","01-16",0.962694579646096,0.992194436010725,93
"PB5","AveHazel","01-17",0.95113241427477,0.991586295670876,93
"PB5","AveHazel","01-18",0.934303772028273,0.990782237097222,93
"PB5","AveHazel","01-19",0.934303772028273,0.990803351601034,92
"PB5","AveHazel","01-20",0.918725566972032,0.990041061216873,92
"PB5","AveHazel","01-21",0.899180422167179,0.989083381223324,92
"PB5","AveHazel","01-22",0.878128076849476,0.988018799637132,92
"PB5","AveHazel","01-23",0.878128076849476,0.988021976701141,91
"PB5","AveHazel","01-24",0.860225837399828,0.987108361701614,91
"PB5","AveHazel","01-25",0.842226971050552,0.98617214076888,91
"PB5","AveHazel","01-26",0.842226971050552,0.986201527000811,90
"PB5","AveHazel","01-27",0.822311030755369,0.985135015296351,90
"PB5","AveHazel","01-28",0.804304120030443,0.984161525068315,90
"PB5","AveHazel","01-29",0.785775888838552,0.983135156660563,90
"PB5","AveHazel","01-30",0.785775888838552,0.983176677415117,89
"PB5","AveHazel","01-31",0.762081335685283,0.981715397624638,89
"PB5","AveHazel","10-01",0.00120427325767513,0.00476665552904807,58.12
"PB5","AveHazel","10-02",0.00130082062779709,0.0094926882182715,58.5
"PB5","AveHazel","10-03",0.0014373890893581,0.0181719973055678,58.62
"PB5","AveHazel","10-04",0.00160604757131421,0.0299797529811225,59.06
"PB5","AveHazel","10-05",0.00182593029711257,0.0368769959449139,59.37
"PB5","AveHazel","10-06",0.002078469828423,0.0426250803030902,59.87
"PB5","AveHazel","10-07",0.002383261761512,0.0492925898329976,60.25
"PB5","AveHazel","10-08",0.00274771270237675,0.0565757678445301,60.43
"PB5","AveHazel","10-09",0.0031695017078664,0.0643059204400163,61.06
"PB5","AveHazel","10-10",0.00367737630031212,0.0726275866024309,61.43
"PB5","AveHazel","10-11",0.00427022702128894,0.0816828250453275,62.06
"PB5","AveHazel","10-12",0.0049603098469844,0.0912924657341503,62.43
"PB5","AveHazel","10-13",0.00575804647378304,0.101439006129749,63.12
"PB5","AveHazel","10-14",0.00667472717655206,0.112447054196632,63.68
"PB5","AveHazel","10-15",0.00773079086169442,0.124904725305846,64.31
"PB5","AveHazel","10-16",0.00894536720521263,0.138899709263808,64.68
"PB5","AveHazel","10-17",0.0103311127379782,0.154192065559657,65.37
"PB5","AveHazel","10-18",0.0119904985444196,0.175695451464167,65.93
"PB5","AveHazel","10-19",0.0141507950127656,0.215703059199074,66.68
"PB5","AveHazel","10-20",0.0166032251712101,0.256593881947756,67.43
"PB5","AveHazel","10-21",0.019448671945655,0.305562958428386,68.24
"PB5","AveHazel","10-22",0.0228129402091706,0.361311406758687,69.18
"PB5","AveHazel","10-23",0.0267803527994716,0.425832287847112,69.93
"PB5","AveHazel","10-24",0.0314497184314286,0.500026650384127,70.68
"PB5","AveHazel","10-25",0.0368729222273138,0.579290680791789,71.43
"PB5","AveHazel","10-26",0.0431661096540836,0.668214827384759,72.24
"PB5","AveHazel","10-27",0.0500325807475739,0.750790873589793,73.18
"PB5","AveHazel","10-28",0.0562129357163722,0.779616206040301,73.93
"PB5","AveHazel","10-29",0.0620692303007523,0.797002099203121,74.62
"PB5","AveHazel","10-30",0.0685850125891756,0.814610377797072,75.24
"PB5","AveHazel","10-31",0.0757900713864624,0.831790101738256,76.12
"PB5","AveHazel","11-01",0.0835186304019066,0.846401746657087,76.62
"PB5","AveHazel","11-02",0.0919149658599136,0.85891924988068,77.18
"PB5","AveHazel","11-03",0.100671149436444,0.869660682296558,78.12
"PB5","AveHazel","11-04",0.109993710453331,0.878747784816717,78.62
"PB5","AveHazel","11-05",0.119515121738839,0.885713355155802,79.18
"PB5","AveHazel","11-06",0.129962905267251,0.891136227240678,79.87
"PB5","AveHazel","11-07",0.14214447598073,0.897973634037063,80.62
"PB5","AveHazel","11-08",0.155762123002363,0.906172391839279,81.24
"PB5","AveHazel","11-09",0.170520622235074,0.914896381543606,82.06
"PB5","AveHazel","11-10",0.186309220500603,0.923303494996539,82.62
"PB5","AveHazel","11-11",0.203327539297914,0.930390997514254,83.18
"PB5","AveHazel","11-12",0.221343238829052,0.935918324921354,84.12
"PB5","AveHazel","11-13",0.240884720279086,0.941345222666973,84.62
"PB5","AveHazel","11-14",0.262929782789567,0.947314354745894,85.12
"PB5","AveHazel","11-15",0.286340011777365,0.952484160040484,85.74
"PB5","AveHazel","11-16",0.310339732279511,0.956434868516617,86.62
"PB5","AveHazel","11-17",0.335207268953906,0.959700694411178,87.5
"PB5","AveHazel","11-18",0.36146300943404,0.962527950260934,87.74
"PB5","AveHazel","11-19",0.387890878168109,0.964884933258095,88.5
"PB5","AveHazel","11-20",0.414973079947819,0.967131921242698,88.74
"PB5","AveHazel","11-21",0.444327308335812,0.969523653039014,89.5
"PB5","AveHazel","11-22",0.477915993645408,0.972688904076248,89.93
"PB5","AveHazel","11-23",0.517655054923966,0.977092859193285,90.62
"PB5","AveHazel","11-24",0.559013216567431,0.98073006645164,91.12
"PB5","AveHazel","11-25",0.602797501280148,0.984213655008379,91.62
"PB5","AveHazel","11-26",0.649984918267828,0.987518123891479,92.18
"PB5","AveHazel","11-27",0.699319677797281,0.990496412555443,92.81
"PB5","AveHazel","11-28",0.747153352192033,0.992627933723997,93.24
"PB5","AveHazel","11-29",0.795181426377064,0.99438691482754,94
"PB5","AveHazel","11-30",0.84313467991998,0.995947486829161,94.24
"PB5","AveHazel","12-01",0.886166466863217,0.997075631866953,95
"PB5","AveHazel","12-02",0.907155087160684,0.997309337646569,95
"PB5","AveHazel","12-03",0.927004577736788,0.997525622532204,95
"PB5","AveHazel","12-04",0.945344343268988,0.997698371557253,95.24
"PB5","AveHazel","12-05",0.960430923639283,0.997819118146474,96
"PB5","AveHazel","12-06",0.972793610334757,0.997944024780996,96
"PB5","AveHazel","12-07",0.983729102117949,0.998041374979279,96
"PB5","AveHazel","12-08",0.992338420424106,0.998124667734535,96
"PB5","AveHazel","12-09",0.997958527720369,0.998187804689068,96.24
"PB5","AveHazel","12-10",1,0.998195701130636,97
"PB5","AveHazel","12-11",1,0.998219412570299,97
"PB5","AveHazel","12-12",1,0.998232220700328,97
"PB5","AveHazel","12-13",1,0.998245411432568,97
"PB5","AveHazel","12-14",1,0.99824734131934,97
"PB5","AveHazel","12-15",1,0.998228082963865,97
"PB5","AveHazel","12-16",1,0.998192104304686,97
"PB5","AveHazel","12-17",1,0.998154237746423,97
"PB5","AveHazel","12-18",1,0.998089206142282,97
"PB5","AveHazel","12-19",1,0.998016379733671,97
"PB5","AveHazel","12-20",1,0.997935333808712,97
"PB5","AveHazel","12-21",1,0.997839699990259,97
"PB5","AveHazel","12-22",1,0.99774911916688,97
"PB5","AveHazel","12-23",1,0.997646057196052,97
"PB5","AveHazel","12-24",1,0.997544033257194,97
"PB5","AveHazel","12-25",1,0.997433772667531,97
"PB5","AveHazel","12-26",1,0.99729178238062,97
"PB5","AveHazel","12-27",1,0.9971433607299,97
"PB5","AveHazel","12-28",1,0.996974162821322,97
"PB5","AveHazel","12-29",1,0.99683553517848,97
"PB5","AveHazel","12-30",1,0.996675372549019,97
"PB5","AveHazel","12-31",1,0.996691892002264,96
"PB5","AveWatt","01-01",0.91204892151372,0.990595006928835,93
"PB5","AveWatt","01-02",0.91204892151372,0.990614763905617,92
"PB5","AveWatt","01-03",0.894486136705489,0.989749494302495,92
"PB5","AveWatt","01-04",0.876778143047281,0.988862731258343,92
"PB5","AveWatt","01-05",0.864288593155032,0.988191551647428,92
"PB5","AveWatt","01-06",0.864288593155032,0.98821396509459,91
"PB5","AveWatt","01-07",0.845792666758564,0.987253341140281,91
"PB5","AveWatt","01-08",0.825226774255589,0.986141755413984,91
"PB5","AveWatt","01-09",0.797908604174974,0.98441972202706,91
"PB5","AveWatt","01-10",0.797908604174974,0.984441881618638,90
"PB5","AveWatt","01-11",0.773901976712952,0.98296625967604,90
"PB5","AveWatt","01-12",0.747539896872759,0.98117119433867,90
"PB5","AveWatt","01-13",0.747539896872759,0.981199226209294,89
"PB5","AveWatt","01-14",0.726196964340438,0.979837785125776,89
"PB5","AveWatt","01-15",0.703353940813179,0.978244132934585,89
"PB5","AveWatt","01-16",0.680289161607602,0.976567144160843,89
"PB5","AveWatt","01-17",0.680289161607602,0.976594808047992,88
"PB5","AveWatt","01-18",0.658156416459434,0.974943606873281,88
"PB5","AveWatt","01-19",0.633888703101852,0.972896744581833,88
"PB5","AveWatt","01-20",0.633888703101852,0.97292986601083,87
"PB5","AveWatt","01-21",0.608060602755343,0.970456480005028,87
"PB5","AveWatt","01-22",0.579215540468513,0.966992358546523,87
"PB5","AveWatt","01-23",0.549713515117852,0.962878228375335,87
"PB5","AveWatt","01-24",0.549713515117852,0.962922549300904,86
"PB5","AveWatt","01-25",0.519372879258846,0.95785286531043,86
"PB5","AveWatt","01-26",0.489912282868153,0.9524040530688,86
"PB5","AveWatt","01-27",0.489912282868153,0.952407912804985,85
"PB5","AveWatt","01-28",0.460748240233978,0.946157228251503,85
"PB5","AveWatt","01-29",0.431247150386738,0.93835365337664,85
"PB5","AveWatt","01-30",0.431247150386738,0.938429088734124,84
"PB5","AveWatt","01-31",0.40571119946716,0.932383649713994,84
"PB5","AveWatt","10-01",0.00178049556491492,0.000113543080306283,59.12
"PB5","AveWatt","10-02",0.00204144530180328,0.000317082915053832,59.62
"PB5","AveWatt","10-03",0.00235357341327234,0.000701481204974784,60.12
"PB5","AveWatt","10-04",0.00275436833949454,0.00131673118571818,60.62
"PB5","AveWatt","10-05",0.00323275324796226,0.00240709709051629,61.12
"PB5","AveWatt","10-06",0.0038075987556021,0.00471517007449765,61.62
"PB5","AveWatt","10-07",0.00450118750418636,0.0107608915069977,62.12
"PB5","AveWatt","10-08",0.00533472722859146,0.0222162186130975,62.68
"PB5","AveWatt","10-09",0.00631341416347133,0.0361092832440552,63.31
"PB5","AveWatt","10-10",0.00744457285967608,0.0476897076981771,63.74
"PB5","AveWatt","10-11",0.00875452836385913,0.0562352337095168,64.5
"PB5","AveWatt","10-12",0.010278810154703,0.0655112102590144,64.74
"PB5","AveWatt","10-13",0.012021205376326,0.0743687838344265,65.74
"PB5","AveWatt","10-14",0.0140207315155109,0.083236459953506,66.5
"PB5","AveWatt","10-15",0.0163956491390331,0.0945068005224369,66.74
"PB5","AveWatt","10-16",0.0191743737597667,0.107363756987076,67.74
"PB5","AveWatt","10-17",0.0223952302030645,0.121168067261519,68.68
"PB5","AveWatt","10-18",0.0262674729298568,0.139604260731665,69.37
"PB5","AveWatt","10-19",0.0311419103970436,0.171484573174432,69.99
"PB5","AveWatt","10-20",0.0367329239081808,0.207605067584553,70.93
"PB5","AveWatt","10-21",0.0431440083290755,0.245331904709636,71.74
"PB5","AveWatt","10-22",0.0506605563601912,0.291173035327979,72.68
"PB5","AveWatt","10-23",0.0596356235967974,0.345318086638358,73.43
"PB5","AveWatt","10-24",0.0701618603896356,0.411377118483428,74.43
"PB5","AveWatt","10-25",0.0821041784726827,0.469562396852805,75.24
"PB5","AveWatt","10-26",0.0955262729495173,0.522715144904348,76.18
"PB5","AveWatt","10-27",0.110905719666813,0.580730650167116,76.99
"PB5","AveWatt","10-28",0.128463970426216,0.637997314136966,77.99
"PB5","AveWatt","10-29",0.14932115956765,0.711734591006359,78.99
"PB5","AveWatt","10-30",0.173627196693309,0.792248970795123,79.93
"PB5","AveWatt","10-31",0.2021323776892,0.888557749988382,80.87
"PB5","AveWatt","11-01",0.23190057638029,0.951277619523248,81.37
"PB5","AveWatt","11-02",0.255515126959226,0.962018905108253,81.99
"PB5","AveWatt","11-03",0.272784320187287,0.965018520634199,82.75
"PB5","AveWatt","11-04",0.290001438482304,0.967180538674016,82.99
"PB5","AveWatt","11-05",0.305736383858074,0.968957534851759,83.75
"PB5","AveWatt","11-06",0.322065064808779,0.970787399153635,83.93
"PB5","AveWatt","11-07",0.337601421426898,0.972327302772188,84.56
"PB5","AveWatt","11-08",0.350647447600986,0.973519157828523,84.87
"PB5","AveWatt","11-09",0.36486087615971,0.974937274187837,85.37
"PB5","AveWatt","11-10",0.378628521979463,0.976283784176048,85.81
"PB5","AveWatt","11-11",0.394337450604304,0.977371155833564,86.24
"PB5","AveWatt","11-12",0.415681165298012,0.978884231172943,87
"PB5","AveWatt","11-13",0.443214947802506,0.981192232230743,87.43
"PB5","AveWatt","11-14",0.473804950109565,0.983563967545998,88.06
"PB5","AveWatt","11-15",0.505056928899011,0.985631957224658,88.31
"PB5","AveWatt","11-16",0.534818998065197,0.987156139845878,88.62
"PB5","AveWatt","11-17",0.563808535837347,0.988269984934523,89.12
"PB5","AveWatt","11-18",0.593003941815324,0.989217852613099,89.62
"PB5","AveWatt","11-19",0.619166339156001,0.989938827834555,90.12
"PB5","AveWatt","11-20",0.643277717118521,0.99065161988534,90.5
"PB5","AveWatt","11-21",0.666893320952594,0.99137129148297,90.62
"PB5","AveWatt","11-22",0.689551615719236,0.991992017530717,91.12
"PB5","AveWatt","11-23",0.714959325828317,0.9926717385901,91.5
"PB5","AveWatt","11-24",0.739187386498852,0.993237429344607,91.62
"PB5","AveWatt","11-25",0.765995405506585,0.993826406260716,92.12
"PB5","AveWatt","11-26",0.795556504292798,0.994424588978695,92.56
"PB5","AveWatt","11-27",0.829028271131197,0.995185682269433,92.81
"PB5","AveWatt","11-28",0.862773540396321,0.995986060480724,93.06
"PB5","AveWatt","11-29",0.893602168292137,0.996562128742778,93.24
"PB5","AveWatt","11-30",0.92169440215816,0.997016453173242,94
"PB5","AveWatt","12-01",0.9478271231998,0.997373051767105,94
"PB5","AveWatt","12-02",0.959791699728657,0.997477953459836,94
"PB5","AveWatt","12-03",0.972281507841707,0.997565484122676,94.24
"PB5","AveWatt","12-04",0.982795324700774,0.997645535181082,94.24
"PB5","AveWatt","12-05",0.988505201036176,0.997628241370442,95
"PB5","AveWatt","12-06",0.993638618281509,0.997654157291881,95
"PB5","AveWatt","12-07",0.997370773906898,0.997672440999463,95
"PB5","AveWatt","12-08",1,0.997664551097957,95
"PB5","AveWatt","12-09",1,0.99760869318372,95
"PB5","AveWatt","12-10",1,0.997540013563842,95
"PB5","AveWatt","12-11",1,0.997475914436805,95
"PB5","AveWatt","12-12",1,0.997401141602277,95
"PB5","AveWatt","12-13",1,0.9972971861677,95
"PB5","AveWatt","12-14",1,0.997190100473072,95
"PB5","AveWatt","12-15",1,0.997066472706107,95
"PB5","AveWatt","12-16",1,0.996915322374405,95
"PB5","AveWatt","12-17",1,0.99672816970314,95
"PB5","AveWatt","12-18",1,0.996449187068738,95
"PB5","AveWatt","12-19",1,0.996147539380994,95
"PB5","AveWatt","12-20",0.995075084030599,0.995729013683097,95
"PB5","AveWatt","12-21",0.986519602133377,0.995225880807042,95
"PB5","AveWatt","12-22",0.986519602133377,0.995261434072092,94
"PB5","AveWatt","12-23",0.980363278820262,0.994809668294469,94
"PB5","AveWatt","12-24",0.973826728721315,0.994346921224972,94
"PB5","AveWatt","12-25",0.966504582562534,0.993863862803693,94
"PB5","AveWatt","12-26",0.962172070314182,0.993446212254895,94
"PB5","AveWatt","12-27",0.95517589266471,0.992964051527811,94
"PB5","AveWatt","12-28",0.95517589266471,0.992981971391353,93
"PB5","AveWatt","12-29",0.946639684731303,0.992460926830247,93
"PB5","AveWatt","12-30",0.936586947290042,0.991896973489802,93
"PB5","AveWatt","12-31",0.927508118286635,0.991358983810746,93
"PB6","AveHazel","01-01",1,0.996517688290945,96
"PB6","AveHazel","01-02",1,0.996326461074492,96
"PB6","AveHazel","01-03",1,0.996129404183427,96
"PB6","AveHazel","01-04",1,0.995884767683915,96
"PB6","AveHazel","01-05",1,0.995579743132793,96
"PB6","AveHazel","01-06",1,0.995594273522849,95
"PB6","AveHazel","01-07",1,0.995268863882924,95
"PB6","AveHazel","01-08",1,0.99495787755471,95
"PB6","AveHazel","01-09",0.998994672347463,0.994602297723685,95
"PB6","AveHazel","01-10",0.992196027022706,0.994128843691971,95
"PB6","AveHazel","01-11",0.992196027022706,0.994145772215624,94
"PB6","AveHazel","01-12",0.985286905193582,0.993669801632537,94
"PB6","AveHazel","01-13",0.978775244666233,0.993201553634653,94
"PB6","AveHazel","01-14",0.973581581020255,0.99276267855684,94
"PB6","AveHazel","01-15",0.973581581020255,0.992780162289082,93
"PB6","AveHazel","01-16",0.962694579646096,0.99219443601074,93
"PB6","AveHazel","01-17",0.951132414274765,0.991586295670877,93
"PB6","AveHazel","01-18",0.934303772028273,0.990782237097209,93
"PB6","AveHazel","01-19",0.934303772028273,0.990803351601038,92
"PB6","AveHazel","01-20",0.91872556697203,0.990041061216892,92
"PB6","AveHazel","01-21",0.899180422167176,0.9890833812233,92
"PB6","AveHazel","01-22",0.878128076849472,0.988018799637161,92
"PB6","AveHazel","01-23",0.878128076849472,0.988021976701169,91
"PB6","AveHazel","01-24",0.860225837399823,0.987108361701625,91
"PB6","AveHazel","01-25",0.842226971050547,0.986172140768872,91
"PB6","AveHazel","01-26",0.842226971050547,0.986201527000813,90
"PB6","AveHazel","01-27",0.822311030755368,0.985135015296389,90
"PB6","AveHazel","01-28",0.80430412003044,0.984161525068297,90
"PB6","AveHazel","01-29",0.785775888838553,0.983135156660522,90
"PB6","AveHazel","01-30",0.785775888838553,0.983176677415116,89
"PB6","AveHazel","01-31",0.762081335685279,0.981715397624627,89
"PB6","AveHazel","10-01",0.0013675983051229,0.0361372963492107,58.75
"PB6","AveHazel","10-02",0.00150736683949714,0.0456531810572619,58.81
"PB6","AveHazel","10-03",0.00165920457785243,0.0571593486994678,59.06
"PB6","AveHazel","10-04",0.00187134335695506,0.0713436214438661,59.37
"PB6","AveHazel","10-05",0.00212403251738526,0.0866794827662176,59.87
"PB6","AveHazel","10-06",0.00242304286052891,0.104512093834272,60.31
"PB6","AveHazel","10-07",0.00278470954116709,0.125292741856178,60.62
"PB6","AveHazel","10-08",0.00320643955252715,0.147408023889708,61.12
"PB6","AveHazel","10-09",0.00371223765535156,0.16983737338037,61.62
"PB6","AveHazel","10-10",0.00431049894491843,0.191041675233441,62.12
"PB6","AveHazel","10-11",0.00500710277243323,0.213751298994803,62.62
"PB6","AveHazel","10-12",0.00581626715936669,0.238334628205815,63.12
"PB6","AveHazel","10-13",0.00675166222286129,0.265446035296767,63.68
"PB6","AveHazel","10-14",0.00782652650183007,0.292542366660646,64.31
"PB6","AveHazel","10-15",0.00906482586609806,0.322105173586774,64.68
"PB6","AveHazel","10-16",0.0104889910326439,0.354865171141859,65.43
"PB6","AveHazel","10-17",0.0121138625592409,0.384596454539101,66.12
"PB6","AveHazel","10-18",0.0139623547405284,0.413986329441705,66.68
"PB6","AveHazel","10-19",0.0160770806509381,0.446684252494718,67.37
"PB6","AveHazel","10-20",0.0184627390222915,0.4828864609227,67.87
"PB6","AveHazel","10-21",0.0211305377935464,0.524847186190384,68.49
"PB6","AveHazel","10-22",0.0240397815106897,0.563216035660774,69.37
"PB6","AveHazel","10-23",0.0272487625000104,0.594802261307019,69.87
"PB6","AveHazel","10-24",0.0309009844573436,0.625828111311319,70.49
"PB6","AveHazel","10-25",0.0350134511914306,0.655337647945324,71.37
"PB6","AveHazel","10-26",0.0396302457851051,0.685816787691003,72.12
"PB6","AveHazel","10-27",0.0447884769975011,0.71555944985121,72.87
"PB6","AveHazel","10-28",0.0503084200929485,0.743334557424906,73.43
"PB6","AveHazel","10-29",0.056337410400123,0.769755825782266,74.37
"PB6","AveHazel","10-30",0.0630615805968382,0.797566244346062,74.93
"PB6","AveHazel","10-31",0.0704369920235018,0.820888556775298,75.68
"PB6","AveHazel","11-01",0.0780987056639762,0.838587404385877,76.43
"PB6","AveHazel","11-02",0.0862031309385068,0.852492592684764,77.12
"PB6","AveHazel","11-03",0.0947428987037904,0.863696635415474,77.68
"PB6","AveHazel","11-04",0.103848455948207,0.874678248665565,78.43
"PB6","AveHazel","11-05",0.113147037145144,0.882937419258621,79.06
"PB6","AveHazel","11-06",0.12308353785691,0.888605585284446,79.68
"PB6","AveHazel","11-07",0.133390718687294,0.893328791733483,80.37
"PB6","AveHazel","11-08",0.143905759306537,0.897421877636983,80.87
"PB6","AveHazel","11-09",0.155438571466517,0.902049162905555,81.49
"PB6","AveHazel","11-10",0.167633762468402,0.906415069029941,82.31
"PB6","AveHazel","11-11",0.180611356936238,0.910084632811251,82.68
"PB6","AveHazel","11-12",0.194320302062409,0.913213799961764,83.37
"PB6","AveHazel","11-13",0.209184251252739,0.916257772157445,84.31
"PB6","AveHazel","11-14",0.226763993815031,0.920291820288649,84.68
"PB6","AveHazel","11-15",0.248843444672084,0.927293967810263,85.37
"PB6","AveHazel","11-16",0.274782892092551,0.936480790786468,86.12
"PB6","AveHazel","11-17",0.302471491123577,0.943828288093498,86.74
"PB6","AveHazel","11-18",0.331921010584443,0.950168770617021,87.56
"PB6","AveHazel","11-19",0.362645784592754,0.955697590487954,87.93
"PB6","AveHazel","11-20",0.395204447655515,0.960956937276115,88.74
"PB6","AveHazel","11-21",0.429922204515671,0.965928853443344,89.5
"PB6","AveHazel","11-22",0.466372726031217,0.970359956965176,89.93
"PB6","AveHazel","11-23",0.506429139319726,0.975005700789701,90.62
"PB6","AveHazel","11-24",0.548802011412081,0.979074694616631,91.12
"PB6","AveHazel","11-25",0.593992112860526,0.982883887565977,91.62
"PB6","AveHazel","11-26",0.642340292371196,0.986470567001038,92.18
"PB6","AveHazel","11-27",0.69291685322673,0.989738404763764,92.81
"PB6","AveHazel","11-28",0.741805260662913,0.992110290673061,93.24
"PB6","AveHazel","11-29",0.790495544530874,0.99394632373892,94
"PB6","AveHazel","11-30",0.840302859832421,0.995708512577424,94.24
"PB6","AveHazel","12-01",0.886166466863222,0.997075631866928,95
"PB6","AveHazel","12-02",0.907155087160674,0.997309337646543,95
"PB6","AveHazel","12-03",0.927004577736791,0.997525622532203,95
"PB6","AveHazel","12-04",0.945344343268988,0.997698371557249,95.24
"PB6","AveHazel","12-05",0.960430923639287,0.997819118146475,96
"PB6","AveHazel","12-06",0.972793610334761,0.997944024781,96
"PB6","AveHazel","12-07",0.983729102117944,0.998041374979279,96
"PB6","AveHazel","12-08",0.992338420424114,0.998124667734523,96
"PB6","AveHazel","12-09",0.997958527720368,0.998187804689069,96.24
"PB6","AveHazel","12-10",1,0.99819570113065,97
"PB6","AveHazel","12-11",1,0.998219412570321,97
"PB6","AveHazel","12-12",1,0.998232220700374,97
"PB6","AveHazel","12-13",1,0.998245411432527,97
"PB6","AveHazel","12-14",1,0.998247341319346,97
"PB6","AveHazel","12-15",1,0.998228082963803,97
"PB6","AveHazel","12-16",1,0.998192104304678,97
"PB6","AveHazel","12-17",1,0.998154237746407,97
"PB6","AveHazel","12-18",1,0.998089206142236,97
"PB6","AveHazel","12-19",1,0.998016379733659,97
"PB6","AveHazel","12-20",1,0.997935333808682,97
"PB6","AveHazel","12-21",1,0.997839699990259,97
"PB6","AveHazel","12-22",1,0.997749119166912,97
"PB6","AveHazel","12-23",1,0.99764605719608,97
"PB6","AveHazel","12-24",1,0.997544033257183,97
"PB6","AveHazel","12-25",1,0.997433772667568,97
"PB6","AveHazel","12-26",1,0.997291782380659,97
"PB6","AveHazel","12-27",1,0.997143360729893,97
"PB6","AveHazel","12-28",1,0.996974162821319,97
"PB6","AveHazel","12-29",1,0.996835535178473,97
"PB6","AveHazel","12-30",1,0.996675372549018,97
"PB6","AveHazel","12-31",1,0.996691892002275,96
"PB6","AveWatt","01-01",0.912048921513719,0.990595006928927,93
"PB6","AveWatt","01-02",0.912048921513719,0.990614763905469,92
"PB6","AveWatt","01-03",0.894486136705491,0.989749494302727,92
"PB6","AveWatt","01-04",0.876778143047283,0.988862731258199,92
"PB6","AveWatt","01-05",0.864288593155031,0.988191551648088,92
"PB6","AveWatt","01-06",0.864288593155031,0.988213965094835,91
"PB6","AveWatt","01-07",0.845792666758557,0.98725334113999,91
"PB6","AveWatt","01-08",0.825226774255586,0.986141755414398,91
"PB6","AveWatt","01-09",0.79790860417497,0.984419722026843,91
"PB6","AveWatt","01-10",0.79790860417497,0.984441881618739,90
"PB6","AveWatt","01-11",0.773901976712952,0.982966259675699,90
"PB6","AveWatt","01-12",0.747539896872758,0.981171194339046,90
"PB6","AveWatt","01-13",0.747539896872758,0.981199226209397,89
"PB6","AveWatt","01-14",0.726196964340438,0.979837785125088,89
"PB6","AveWatt","01-15",0.703353940813176,0.978244132934067,89
"PB6","AveWatt","01-16",0.680289161607601,0.976567144160674,89
"PB6","AveWatt","01-17",0.680289161607601,0.976594808048269,88
"PB6","AveWatt","01-18",0.658156416459432,0.974943606873006,88
"PB6","AveWatt","01-19",0.633888703101849,0.972896744581909,88
"PB6","AveWatt","01-20",0.633888703101849,0.972929866010395,87
"PB6","AveWatt","01-21",0.608060602755341,0.970456480004818,87
"PB6","AveWatt","01-22",0.579215540468513,0.966992358546399,87
"PB6","AveWatt","01-23",0.549713515117853,0.962878228375482,87
"PB6","AveWatt","01-24",0.549713515117853,0.962922549301796,86
"PB6","AveWatt","01-25",0.519372879258844,0.957852865310369,86
"PB6","AveWatt","01-26",0.489912282868156,0.952404053068904,86
"PB6","AveWatt","01-27",0.489912282868156,0.952407912805084,85
"PB6","AveWatt","01-28",0.460748240233978,0.94615722825129,85
"PB6","AveWatt","01-29",0.431247150386737,0.938353653376834,85
"PB6","AveWatt","01-30",0.431247150386737,0.938429088733908,84
"PB6","AveWatt","01-31",0.405711199467162,0.932383649713898,84
"PB6","AveWatt","10-01",0.00241209235026583,0.00971754422136743,60.12
"PB6","AveWatt","10-02",0.00277881615821032,0.0155936460764224,60.62
"PB6","AveWatt","10-03",0.00323239608267343,0.0242321895859513,61.12
"PB6","AveWatt","10-04",0.00379823278963988,0.0353657724671999,61.62
"PB6","AveWatt","10-05",0.00446827224887302,0.0469344981239217,62.12
"PB6","AveWatt","10-06",0.00527238842001838,0.0622370657720189,62.62
"PB6","AveWatt","10-07",0.00624640922649759,0.0825893925356241,63.12
"PB6","AveWatt","10-08",0.00740604222608039,0.110182045278684,63.74
"PB6","AveWatt","10-09",0.00876472402090338,0.1427816779308,64.56
"PB6","AveWatt","10-10",0.0103350778008664,0.175881948320129,64.93
"PB6","AveWatt","10-11",0.0121536498407394,0.209154363007393,65.68
"PB6","AveWatt","10-12",0.014269764652933,0.244859087418775,66.37
"PB6","AveWatt","10-13",0.0166886798163366,0.279772129084352,66.93
"PB6","AveWatt","10-14",0.0194645621406639,0.314346733631226,67.68
"PB6","AveWatt","10-15",0.0227615892330707,0.35729536764647,68.37
"PB6","AveWatt","10-16",0.0266192095000465,0.406224841122434,68.93
"PB6","AveWatt","10-17",0.0310906281501631,0.457323379778858,69.74
"PB6","AveWatt","10-18",0.0363064720491581,0.515510750460145,70.62
"PB6","AveWatt","10-19",0.0422859989220742,0.579866517705648,71.24
"PB6","AveWatt","10-20",0.0486823502764799,0.624371485984199,72.18
"PB6","AveWatt","10-21",0.0554592981502006,0.655816475341927,72.87
"PB6","AveWatt","10-22",0.0631357933999415,0.686695208119021,73.62
"PB6","AveWatt","10-23",0.0720804301247143,0.718800093801425,74.24
"PB6","AveWatt","10-24",0.0824237735199507,0.759930083706672,75.24
"PB6","AveWatt","10-25",0.0941082864594755,0.801479794678873,76.18
"PB6","AveWatt","10-26",0.106667007648642,0.834989382828412,76.87
"PB6","AveWatt","10-27",0.119557979616946,0.859287033074867,77.43
"PB6","AveWatt","10-28",0.132830105376399,0.876188066368925,78.18
"PB6","AveWatt","10-29",0.147947170012845,0.892852911330965,78.93
"PB6","AveWatt","10-30",0.164671419229503,0.90863678041264,79.62
"PB6","AveWatt","10-31",0.183260259479879,0.925606662192291,80.18
"PB6","AveWatt","11-01",0.203118777230896,0.939526417582906,80.87
"PB6","AveWatt","11-02",0.223450001750219,0.94898080517206,81.43
"PB6","AveWatt","11-03",0.24295297580368,0.955178312647481,82.06
"PB6","AveWatt","11-04",0.262874791893835,0.960113037490877,82.62
"PB6","AveWatt","11-05",0.281303175082023,0.963412713718346,83.18
"PB6","AveWatt","11-06",0.298794608590666,0.966357499655607,83.81
"PB6","AveWatt","11-07",0.314455480306805,0.968291931423347,84.18
"PB6","AveWatt","11-08",0.328271964363952,0.969974517750571,84.81
"PB6","AveWatt","11-09",0.343463741784805,0.971716214487751,85.25
"PB6","AveWatt","11-10",0.358363477687057,0.973218178327399,85.49
"PB6","AveWatt","11-11",0.373873151224147,0.974325836839779,86.25
"PB6","AveWatt","11-12",0.388975711916324,0.975157663147427,86.49
"PB6","AveWatt","11-13",0.405193098755896,0.97598905649891,87.25
"PB6","AveWatt","11-14",0.424235702651627,0.976907559700374,87.37
"PB6","AveWatt","11-15",0.442977216801833,0.977686392508175,87.87
"PB6","AveWatt","11-16",0.459638070733504,0.978230711871371,88.31
"PB6","AveWatt","11-17",0.475692840826567,0.978683617881572,88.56
"PB6","AveWatt","11-18",0.491717403897439,0.979116796342042,88.87
"PB6","AveWatt","11-19",0.507508951117698,0.979607403113201,89.31
"PB6","AveWatt","11-20",0.533453289380293,0.980945785009266,89.68
"PB6","AveWatt","11-21",0.569700627551125,0.983634803745295,90.12
"PB6","AveWatt","11-22",0.60675937853615,0.986077430035471,90.56
"PB6","AveWatt","11-23",0.646247012265519,0.988323702351353,90.93
"PB6","AveWatt","11-24",0.686387671444438,0.990042379978703,91.56
"PB6","AveWatt","11-25",0.730454620699548,0.991846207784531,91.87
"PB6","AveWatt","11-26",0.775557470530685,0.993432248714474,92.37
"PB6","AveWatt","11-27",0.817399765228982,0.994687456587694,92.81
"PB6","AveWatt","11-28",0.853171660098934,0.995638018095289,93
"PB6","AveWatt","11-29",0.887386549452467,0.996359400166396,93.24
"PB6","AveWatt","11-30",0.91926276879725,0.996942201562018,94
"PB6","AveWatt","12-01",0.947827123199799,0.99737305176734,94
"PB6","AveWatt","12-02",0.959791699728661,0.997477953459378,94
"PB6","AveWatt","12-03",0.972281507841709,0.997565484122832,94.24
"PB6","AveWatt","12-04",0.982795324700775,0.997645535181447,94.24
"PB6","AveWatt","12-05",0.988505201036177,0.997628241370468,95
"PB6","AveWatt","12-06",0.993638618281519,0.997654157291659,95
"PB6","AveWatt","12-07",0.997370773906887,0.997672440999791,95
"PB6","AveWatt","12-08",1,0.997664551098359,95
"PB6","AveWatt","12-09",1,0.99760869318401,95
"PB6","AveWatt","12-10",1,0.997540013564242,95
"PB6","AveWatt","12-11",1,0.997475914436814,95
"PB6","AveWatt","12-12",1,0.99740114160196,95
"PB6","AveWatt","12-13",1,0.997297186167768,95
"PB6","AveWatt","12-14",1,0.99719010047343,95
"PB6","AveWatt","12-15",1,0.997066472705699,95
"PB6","AveWatt","12-16",1,0.996915322374556,95
"PB6","AveWatt","12-17",1,0.996728169703097,95
"PB6","AveWatt","12-18",1,0.996449187068815,95
"PB6","AveWatt","12-19",1,0.996147539380342,95
"PB6","AveWatt","12-20",0.995075084030596,0.995729013683576,95
"PB6","AveWatt","12-21",0.986519602133379,0.995225880807246,95
"PB6","AveWatt","12-22",0.986519602133379,0.995261434072044,94
"PB6","AveWatt","12-23",0.980363278820263,0.994809668294173,94
"PB6","AveWatt","12-24",0.973826728721309,0.994346921225508,94
"PB6","AveWatt","12-25",0.966504582562536,0.993863862803854,94
"PB6","AveWatt","12-26",0.962172070314182,0.993446212254974,94
"PB6","AveWatt","12-27",0.955175892664715,0.992964051528209,94
"PB6","AveWatt","12-28",0.955175892664715,0.992981971391421,93
"PB6","AveWatt","12-29",0.946639684731302,0.992460926830347,93
"PB6","AveWatt","12-30",0.936586947290038,0.991896973490172,93
"PB6","AveWatt","12-31",0.92750811828663,0.991358983810574,93
