Time Stratified Petersen with Diagonal recaptures and error in smoothed U -  Tue Aug  5 13:29:16 2025
Version: 2024-11-01 



 TSDPE Results 

*** Raw data *** 
      time   n1   m2   u2 logitPcov[1] logitPcov[2]
 [1,]    2  398  104 1296  -0.90733205  -0.98858356
 [2,]    3  856  188 1394  -0.92257236  -1.01574538
 [3,]    4  673  121 1447  -0.92260572  -0.93958954
 [4,]    5  684  106 1344  -0.90869875  -0.94549708
 [5,]    6 3980 1360 1669  -0.90620334  -0.56240622
 [6,]    7 3970  958 1725  -0.92365227  -0.40662707
 [7,]    8 1870  494 1701  -0.92403415  -0.29708080
 [8,]    9 1910  264 1692  -0.90177265   0.03945475
 [9,]   10 1726  347 1959  -0.92268090   0.39050500
[10,]   11  984  236 1903  -0.92735804   0.47956753
[11,]   15  700  146 1252  -0.92171569   1.01592663
[12,]   16  993   47  569  -0.71120041   1.06996794
[13,]   18  992  222  422  -0.80591554   1.29655973
[14,]   19  999  280  662  -0.73332009   1.34330064
[15,]   24  510  112 1540  -0.80491379  -0.69185831
[16,]   25 2962  553 1659  -0.79324980  -0.37606199
[17,]   26 2956  530 1486  -0.78400355  -0.13083504
[18,]   27 2938  561 1649  -0.80539375  -0.15119035
[19,]   28 2963  701 1656  -0.81468083  -0.14232905
[20,]   29 2983  725 1866  -0.81429845  -0.01300538
[21,]   30  245   34 1114  -0.81595592   0.13641675
[22,]   33 1000  228 1247  -0.89908765   0.20879690
[23,]   35  999   78  499  -0.91221851   0.90981593
[24,]   38  995   75  135  -0.71764990   1.38213435
[25,]   40  952   73   32  -0.63579566   1.41620734
[26,]   47  586   33 2175  -0.07735709  -1.06576680
[27,]   48 1671   62 2022   0.72784502  -0.94472653
[28,]   51 2427   65 1323   1.24625284  -0.06446088
[29,]   57  958   10 1465   0.86639691          NaN
[30,]   60  995   21  434   2.00401101          NaN
[31,]   64  979    7  118   4.03631140          NaN
[32,]   66  931   16  396   1.97743980          NaN
[33,]   72 1139  108 1513  -0.13529615  -0.59258602
[34,]   74 2126  173 1612  -0.13651598  -0.75208949
[35,]   79 1090  104 1621  -0.52350829  -0.64601069
[36,]   85  909   30  842   0.41967314  -0.22220921
[37,]   99  599    6 1379   0.67354053  -0.96957671
[38,]  103 1310    6  102   1.70693403  -0.18804824
[39,]  110 1716  234 1636  -0.46414029  -0.97766746
[40,]  111 2204  342 1550  -0.48335871  -0.84044568
[41,]  116 1586  241 1710  -0.55231103  -0.24904997
[42,]  120  270   18 1096  -0.57616477   0.48110862
[43,]  122  674   13  895  -0.64121366   1.51248733
[44,]  124  687   24  380  -0.56752395   1.56114423
[45,]  135 1003  289 1537  -0.78925227  -0.44021012
[46,]  139  638  107 1659  -0.68041725   0.18804347
[47,]  142 1189   69  216  -0.40885701   1.15482456
[48,]  144  512   23  782  -0.75976394   1.71443516
[49,]  146  560   24   49  -0.77591488   2.72666253
[50,]  148  700   31   37  -0.76412617   2.93443763
[51,]  155  937   94 1504  -0.37585504  -0.97098938
[52,]  157  654   37 1394  -0.42190955  -0.38473066
[53,]  159  724   94  973  -0.63565226  -0.21129311
[54,]  161  687  149  480  -0.67974560   0.13949894
[55,]  163  722  156  964  -0.74873608   0.57875420
[56,]  165  764  119  949  -0.75383610   1.04855313
[57,]  173  480   65 1494   0.29501213  -1.65324556
[58,]  179  453    7 1441   1.37411389  -1.06364779
[59,]  182  975    7  274   1.30055916  -0.62199528
[60,]  184  972    9   95   1.64967943  -0.44997040
[61,]  193  815   68 1457  -0.49517356  -0.55027009
[62,]  199 1141   64 1465   0.57510659  -0.22574089
[63,]  201  721   15  982   0.27538901  -0.12929394
[64,]  204  882   14  222   0.47521161   0.16402806
[65,]  205  882   26  375   0.28750416   0.37766253
[66,]  207  844   21  248   0.32109741   0.60767116
[67,]  209  815   30   88  -0.12875003   0.96872113


Jump point are after strata: none - A single spline is fit
Fixed logitP indices are:none - NO fixed values
Fixed logitP values  are:none - NO fixed values

Values of bad.n1 are :  . The value of n1 will be set to 1 and m2 to NA for these strata: none.
Values of bad.m2 are :  . The value of m2 will be set to NA for these strata: none.
Values of bad.u2 are :  . The value of u2 will be set to NA for these strata: none.

*** Pooled Petersen Estimate based on pooling over ALL strata
Values of u2 are adjusting for sampling fraction 

Total n1= 81165 ;  m2= 11574 ;  u2= 72872 

Est U(total)  510,998   (SE  4,734 )
Est N(total)  592,157   (SE  4,734 )




*** Pooled Petersen Estimate after EXCLUDING strata with missing value or flagged as bad.n1, bad.m2 or bad.m2. 
Values of u2 are adjusted for sampling fraction

The following strata are excluded because n1=0, NA values in m2 or u2, or flagged by bad.n1, bad.m2 or bad.u2:  

Total n1= 81165 ;  m2= 11574 ;  u2= 72872 

Est U(total)  510,998   (SE  4,734 )
Est N(total)  592,157   (SE  4,734 )


*** Stratified Petersen Estimator for each stratum PRIOR to removing strata with bad.n1, bad.m2, or bad.u2 values.
    Values of u2 are adjusted for sampling fraction ***

      time   n1   m2   u2   U[i] SE(U[i])
 [1,]    2  398  104 1296   4928      427
 [2,]    3  856  188 1394   6324      431
 [3,]    4  673  121 1447   7999      679
 [4,]    5  684  106 1344   8610      790
 [5,]    6 3980 1360 1669   4884      145
 [6,]    7 3970  958 1725   7146      250
 [7,]    8 1870  494 1701   6432      281
 [8,]    9 1910  264 1692  12208      747
 [9,]   10 1726  347 1959   9726      505
[10,]   11  984  236 1903   7912      474
[11,]   15  700  146 1252   5974      461
[12,]   16  993   47  569  11803     1710
[13,]   18  992  222  422   1883      137
[14,]   19  999  280  662   2358      142
[15,]   24  510  112 1540   6968      596
[16,]   25 2962  553 1659   8877      392
[17,]   26 2956  530 1486   8280      379
[18,]   27 2938  561 1649   8628      378
[19,]   28 2963  701 1656   6995      275
[20,]   29 2983  725 1866   7673      292
[21,]   30  245   34 1114   7836     1227
[22,]   33 1000  228 1247   5454      343
[23,]   35  999   78  499   6328      729
[24,]   38  995   75  135   1781      242
[25,]   40  952   73   32    424       83
[26,]   47  586   33 2175  37567     6209
[27,]   48 1671   62 2022  53689     6682
[28,]   51 2427   65 1323  48706     6009
[29,]   57  958   10 1465 127808    36795
[30,]   60  995   21  434  19693     4153
[31,]   64  979    7  118  14576     4959
[32,]   66  931   16  396  21764     5178
[33,]   72 1139  108 1513  15833     1486
[34,]   74 2126  173 1612  19717     1502
[35,]   79 1090  104 1621  16852     1605
[36,]   85  909   30  842  24745     4373
[37,]   99  599    6 1379 118285    41651
[38,]  103 1310    6  102  19289     6963
[39,]  110 1716  234 1636  11960      773
[40,]  111 2204  342 1550   9970      546
[41,]  116 1586  241 1710  11219      708
[42,]  120  270   18 1096  15646     3400
[43,]  122  674   13  895  43199    11111
[44,]  124  687   24  380  10484     2078
[45,]  135 1003  289 1537   5324      287
[46,]  139  638  107 1659   9821      885
[47,]  142 1189   69  216   3688      486
[48,]  144  512   23  782  16736     3314
[49,]  146  560   24   49   1121      259
[50,]  148  700   31   37    831      188
[51,]  155  937   94 1504  14859     1482
[52,]  157  654   37 1394  24044     3785
[53,]  159  724   94  973   7432      740
[54,]  161  687  149  480   2205      182
[55,]  163  722  156  964   4443      337
[56,]  165  764  119  949   6055      536
[57,]  173  480   65 1494  10894     1263
[58,]  179  453    7 1441  81832    27093
[59,]  182  975    7  274  33549    11258
[60,]  184  972    9   95   9340     2915
[61,]  193  815   68 1457  17241     2017
[62,]  199 1141   64 1465  25755     3144
[63,]  201  721   15  982  44357    10714
[64,]  204  882   14  222  13126     3347
[65,]  205  882   26  375  12296     2363
[66,]  207  844   21  248   9563     2045
[67,]  209  815   30   88   2342      467

Est U(total)  1,165,287   (SE  67,465 )


*** Stratified Petersen Estimator for each stratum EXCLUDING strata with n1=0, NA values, or flagged by bad.n1, bad.m2, or bad.u2 values ***
    Values of u2 are adjusted for sampling fraction ***

      time   n1   m2   u2   U[i] SE(U[i])
 [1,]    2  398  104 1296   4928      427
 [2,]    3  856  188 1394   6324      431
 [3,]    4  673  121 1447   7999      679
 [4,]    5  684  106 1344   8610      790
 [5,]    6 3980 1360 1669   4884      145
 [6,]    7 3970  958 1725   7146      250
 [7,]    8 1870  494 1701   6432      281
 [8,]    9 1910  264 1692  12208      747
 [9,]   10 1726  347 1959   9726      505
[10,]   11  984  236 1903   7912      474
[11,]   15  700  146 1252   5974      461
[12,]   16  993   47  569  11803     1710
[13,]   18  992  222  422   1883      137
[14,]   19  999  280  662   2358      142
[15,]   24  510  112 1540   6968      596
[16,]   25 2962  553 1659   8877      392
[17,]   26 2956  530 1486   8280      379
[18,]   27 2938  561 1649   8628      378
[19,]   28 2963  701 1656   6995      275
[20,]   29 2983  725 1866   7673      292
[21,]   30  245   34 1114   7836     1227
[22,]   33 1000  228 1247   5454      343
[23,]   35  999   78  499   6328      729
[24,]   38  995   75  135   1781      242
[25,]   40  952   73   32    424       83
[26,]   47  586   33 2175  37567     6209
[27,]   48 1671   62 2022  53689     6682
[28,]   51 2427   65 1323  48706     6009
[29,]   57  958   10 1465 127808    36795
[30,]   60  995   21  434  19693     4153
[31,]   64  979    7  118  14576     4959
[32,]   66  931   16  396  21764     5178
[33,]   72 1139  108 1513  15833     1486
[34,]   74 2126  173 1612  19717     1502
[35,]   79 1090  104 1621  16852     1605
[36,]   85  909   30  842  24745     4373
[37,]   99  599    6 1379 118285    41651
[38,]  103 1310    6  102  19289     6963
[39,]  110 1716  234 1636  11960      773
[40,]  111 2204  342 1550   9970      546
[41,]  116 1586  241 1710  11219      708
[42,]  120  270   18 1096  15646     3400
[43,]  122  674   13  895  43199    11111
[44,]  124  687   24  380  10484     2078
[45,]  135 1003  289 1537   5324      287
[46,]  139  638  107 1659   9821      885
[47,]  142 1189   69  216   3688      486
[48,]  144  512   23  782  16736     3314
[49,]  146  560   24   49   1121      259
[50,]  148  700   31   37    831      188
[51,]  155  937   94 1504  14859     1482
[52,]  157  654   37 1394  24044     3785
[53,]  159  724   94  973   7432      740
[54,]  161  687  149  480   2205      182
[55,]  163  722  156  964   4443      337
[56,]  165  764  119  949   6055      536
[57,]  173  480   65 1494  10894     1263
[58,]  179  453    7 1441  81832    27093
[59,]  182  975    7  274  33549    11258
[60,]  184  972    9   95   9340     2915
[61,]  193  815   68 1457  17241     2017
[62,]  199 1141   64 1465  25755     3144
[63,]  201  721   15  982  44357    10714
[64,]  204  882   14  222  13126     3347
[65,]  205  882   26  375  12296     2363
[66,]  207  844   21  248   9563     2045
[67,]  209  815   30   88   2342      467

Est U(total)  1,165,287   (SE  67,465 )


*** Test if pooled Petersen is allowable on strata without problems in n1 or m2. [Check if marked fractions are equal] ***

(Large Sample) Chi-square test statistic  6187.757  has p-value 0 

      time n1-m2   m2 E[n1-m2] E[m2] X2[n1-m2] X2[m2]
 [1,]    2   294  104    341.2  56.8       6.5   39.3
 [2,]    3   668  188    733.9 122.1       5.9   35.6
 [3,]    4   552  121    577.0  96.0       1.1    6.5
 [4,]    5   578  106    586.5  97.5       0.1    0.7
 [5,]    6  2620 1360   3412.5 567.5     184.0 1106.5
 [6,]    7  3012  958   3403.9 566.1      45.1  271.3
 [7,]    8  1376  494   1603.3 266.7      32.2  193.8
 [8,]    9  1646  264   1637.6 272.4       0.0    0.3
 [9,]   10  1379  347   1479.9 246.1       6.9   41.3
[10,]   11   748  236    843.7 140.3      10.9   65.2
[11,]   15   554  146    600.2  99.8       3.6   21.4
[12,]   16   946   47    851.4 141.6      10.5   63.2
[13,]   18   770  222    850.5 141.5       7.6   45.9
[14,]   19   719  280    856.5 142.5      22.1  132.8
[15,]   24   398  112    437.3  72.7       3.5   21.2
[16,]   25  2409  553   2539.6 422.4       6.7   40.4
[17,]   26  2426  530   2534.5 421.5       4.6   27.9
[18,]   27  2377  561   2519.0 419.0       8.0   48.2
[19,]   28  2262  701   2540.5 422.5      30.5  183.5
[20,]   29  2258  725   2557.6 425.4      35.1  211.1
[21,]   30   211   34    210.1  34.9       0.0    0.0
[22,]   33   772  228    857.4 142.6       8.5   51.1
[23,]   35   921   78    856.5 142.5       4.9   29.2
[24,]   38   920   75    853.1 141.9       5.2   31.5
[25,]   40   879   73    816.2 135.8       4.8   29.0
[26,]   47   553   33    502.4  83.6       5.1   30.6
[27,]   48  1609   62   1432.7 238.3      21.7  130.4
[28,]   51  2362   65   2080.9 346.1      38.0  228.3
[29,]   57   948   10    821.4 136.6      19.5  117.3
[30,]   60   974   21    853.1 141.9      17.1  103.0
[31,]   64   972    7    839.4 139.6      20.9  126.0
[32,]   66   915   16    798.2 132.8      17.1  102.7
[33,]   72  1031  108    976.6 162.4       3.0   18.2
[34,]   74  1953  173   1822.8 303.2       9.3   55.9
[35,]   79   986  104    934.6 155.4       2.8   17.0
[36,]   85   879   30    779.4 129.6      12.7   76.6
[37,]   99   593    6    513.6  85.4      12.3   73.8
[38,]  103  1304    6   1123.2 186.8      29.1  175.0
[39,]  110  1482  234   1471.3 244.7       0.1    0.5
[40,]  111  1862  342   1889.7 314.3       0.4    2.4
[41,]  116  1345  241   1359.8 226.2       0.2    1.0
[42,]  120   252   18    231.5  38.5       1.8   10.9
[43,]  122   661   13    577.9  96.1      12.0   71.9
[44,]  124   663   24    589.0  98.0       9.3   55.8
[45,]  135   714  289    860.0 143.0      24.8  149.0
[46,]  139   531  107    547.0  91.0       0.5    2.8
[47,]  142  1120   69   1019.5 169.5       9.9   59.6
[48,]  144   489   23    439.0  73.0       5.7   34.3
[49,]  146   536   24    480.1  79.9       6.5   39.1
[50,]  148   669   31    600.2  99.8       7.9   47.4
[51,]  155   843   94    803.4 133.6       2.0   11.7
[52,]  157   617   37    560.7  93.3       5.6   33.9
[53,]  159   630   94    620.8 103.2       0.1    0.8
[54,]  161   538  149    589.0  98.0       4.4   26.6
[55,]  163   566  156    619.0 103.0       4.5   27.3
[56,]  165   645  119    655.1 108.9       0.2    0.9
[57,]  173   415   65    411.6  68.4       0.0    0.2
[58,]  179   446    7    388.4  64.6       8.5   51.4
[59,]  182   968    7    836.0 139.0      20.9  125.4
[60,]  184   963    9    833.4 138.6      20.2  121.2
[61,]  193   747   68    698.8 116.2       3.3   20.0
[62,]  199  1077   64    978.3 162.7      10.0   59.9
[63,]  201   706   15    618.2 102.8      12.5   75.0
[64,]  204   868   14    756.2 125.8      16.5   99.3
[65,]  205   856   26    756.2 125.8      13.2   79.1
[66,]  207   823   21    723.6 120.4      13.6   82.0
[67,]  209   785   30    698.8 116.2      10.6   64.0

 Be cautious of using this test in cases of small expected values. 



*** Revised data *** 
    time   n1   m2   u2 new.logitP.cov.1 new.logitP.cov.2 jump.indicator
1      2  398  104 1296      -0.90733205      -0.98858356               
2      3  856  188 1394      -0.92257236      -1.01574538               
3      4  673  121 1447      -0.92260572      -0.93958954               
4      5  684  106 1344      -0.90869875      -0.94549708               
5      6 3980 1360 1669      -0.90620334      -0.56240622               
6      7 3970  958 1725      -0.92365227      -0.40662707               
7      8 1870  494 1701      -0.92403415      -0.29708080               
8      9 1910  264 1692      -0.90177265       0.03945475               
9     10 1726  347 1959      -0.92268090       0.39050500               
10    11  984  236 1903      -0.92735804       0.47956753               
11    12    1   NA    0       1.00000000       0.00000000               
12    13    1   NA    0       1.00000000       0.00000000               
13    14    1   NA    0       1.00000000       0.00000000               
14    15  700  146 1252      -0.92171569       1.01592663               
15    16  993   47  569      -0.71120041       1.06996794               
16    17    1   NA    0       1.00000000       0.00000000               
17    18  992  222  422      -0.80591554       1.29655973               
18    19  999  280  662      -0.73332009       1.34330064               
19    20    1   NA    0       1.00000000       0.00000000               
20    21    1   NA    0       1.00000000       0.00000000               
21    22    1   NA    0       1.00000000       0.00000000               
22    23    1   NA    0       1.00000000       0.00000000               
23    24  510  112 1540      -0.80491379      -0.69185831               
24    25 2962  553 1659      -0.79324980      -0.37606199               
25    26 2956  530 1486      -0.78400355      -0.13083504               
26    27 2938  561 1649      -0.80539375      -0.15119035               
27    28 2963  701 1656      -0.81468083      -0.14232905               
28    29 2983  725 1866      -0.81429845      -0.01300538               
29    30  245   34 1114      -0.81595592       0.13641675               
30    31    1   NA    0       1.00000000       0.00000000               
31    32    1   NA    0       1.00000000       0.00000000               
32    33 1000  228 1247      -0.89908765       0.20879690               
33    34    1   NA    0       1.00000000       0.00000000               
34    35  999   78  499      -0.91221851       0.90981593               
35    36    1   NA    0       1.00000000       0.00000000               
36    37    1   NA    0       1.00000000       0.00000000               
37    38  995   75  135      -0.71764990       1.38213435               
38    39    1   NA    0       1.00000000       0.00000000               
39    40  952   73   32      -0.63579566       1.41620734               
40    41    1   NA    0       1.00000000       0.00000000               
41    42    1   NA    0       1.00000000       0.00000000               
42    43    1   NA    0       1.00000000       0.00000000               
43    44    1   NA    0       1.00000000       0.00000000               
44    45    1   NA    0       1.00000000       0.00000000               
45    46    1   NA    0       1.00000000       0.00000000               
46    47  586   33 2175      -0.07735709      -1.06576680               
47    48 1671   62 2022       0.72784502      -0.94472653               
48    49    1   NA    0       1.00000000       0.00000000               
49    50    1   NA    0       1.00000000       0.00000000               
50    51 2427   65 1323       1.24625284      -0.06446088               
51    52    1   NA    0       1.00000000       0.00000000               
52    53    1   NA    0       1.00000000       0.00000000               
53    54    1   NA    0       1.00000000       0.00000000               
54    55    1   NA    0       1.00000000       0.00000000               
55    56    1   NA    0       1.00000000       0.00000000               
56    57  958   10 1465       0.86639691       0.00000000               
57    58    1   NA    0       1.00000000       0.00000000               
58    59    1   NA    0       1.00000000       0.00000000               
59    60  995   21  434       2.00401101       0.00000000               
60    61    1   NA    0       1.00000000       0.00000000               
61    62    1   NA    0       1.00000000       0.00000000               
62    63    1   NA    0       1.00000000       0.00000000               
63    64  979    7  118       4.03631140       0.00000000               
64    65    1   NA    0       1.00000000       0.00000000               
65    66  931   16  396       1.97743980       0.00000000               
66    67    1   NA    0       1.00000000       0.00000000               
67    68    1   NA    0       1.00000000       0.00000000               
68    69    1   NA    0       1.00000000       0.00000000               
69    70    1   NA    0       1.00000000       0.00000000               
70    71    1   NA    0       1.00000000       0.00000000               
71    72 1139  108 1513      -0.13529615      -0.59258602               
72    73    1   NA    0       1.00000000       0.00000000               
73    74 2126  173 1612      -0.13651598      -0.75208949               
74    75    1   NA    0       1.00000000       0.00000000               
75    76    1   NA    0       1.00000000       0.00000000               
76    77    1   NA    0       1.00000000       0.00000000               
77    78    1   NA    0       1.00000000       0.00000000               
78    79 1090  104 1621      -0.52350829      -0.64601069               
79    80    1   NA    0       1.00000000       0.00000000               
80    81    1   NA    0       1.00000000       0.00000000               
81    82    1   NA    0       1.00000000       0.00000000               
82    83    1   NA    0       1.00000000       0.00000000               
83    84    1   NA    0       1.00000000       0.00000000               
84    85  909   30  842       0.41967314      -0.22220921               
85    86    1   NA    0       1.00000000       0.00000000               
86    87    1   NA    0       1.00000000       0.00000000               
87    88    1   NA    0       1.00000000       0.00000000               
88    89    1   NA    0       1.00000000       0.00000000               
89    90    1   NA    0       1.00000000       0.00000000               
90    91    1   NA    0       1.00000000       0.00000000               
91    92    1   NA    0       1.00000000       0.00000000               
92    93    1   NA    0       1.00000000       0.00000000               
93    94    1   NA    0       1.00000000       0.00000000               
94    95    1   NA    0       1.00000000       0.00000000               
95    96    1   NA    0       1.00000000       0.00000000               
96    97    1   NA    0       1.00000000       0.00000000               
97    98    1   NA    0       1.00000000       0.00000000               
98    99  599    6 1379       0.67354053      -0.96957671               
99   100    1   NA    0       1.00000000       0.00000000               
100  101    1   NA    0       1.00000000       0.00000000               
101  102    1   NA    0       1.00000000       0.00000000               
102  103 1310    6  102       1.70693403      -0.18804824               
103  104    1   NA    0       1.00000000       0.00000000               
104  105    1   NA    0       1.00000000       0.00000000               
105  106    1   NA    0       1.00000000       0.00000000               
106  107    1   NA    0       1.00000000       0.00000000               
107  108    1   NA    0       1.00000000       0.00000000               
108  109    1   NA    0       1.00000000       0.00000000               
109  110 1716  234 1636      -0.46414029      -0.97766746               
110  111 2204  342 1550      -0.48335871      -0.84044568               
111  112    1   NA    0       1.00000000       0.00000000               
112  113    1   NA    0       1.00000000       0.00000000               
113  114    1   NA    0       1.00000000       0.00000000               
114  115    1   NA    0       1.00000000       0.00000000               
115  116 1586  241 1710      -0.55231103      -0.24904997               
116  117    1   NA    0       1.00000000       0.00000000               
117  118    1   NA    0       1.00000000       0.00000000               
118  119    1   NA    0       1.00000000       0.00000000               
119  120  270   18 1096      -0.57616477       0.48110862               
120  121    1   NA    0       1.00000000       0.00000000               
121  122  674   13  895      -0.64121366       1.51248733               
122  123    1   NA    0       1.00000000       0.00000000               
123  124  687   24  380      -0.56752395       1.56114423               
124  125    1   NA    0       1.00000000       0.00000000               
125  126    1   NA    0       1.00000000       0.00000000               
126  127    1   NA    0       1.00000000       0.00000000               
127  128    1   NA    0       1.00000000       0.00000000               
128  129    1   NA    0       1.00000000       0.00000000               
129  130    1   NA    0       1.00000000       0.00000000               
130  131    1   NA    0       1.00000000       0.00000000               
131  132    1   NA    0       1.00000000       0.00000000               
132  133    1   NA    0       1.00000000       0.00000000               
133  134    1   NA    0       1.00000000       0.00000000               
134  135 1003  289 1537      -0.78925227      -0.44021012               
135  136    1   NA    0       1.00000000       0.00000000               
136  137    1   NA    0       1.00000000       0.00000000               
137  138    1   NA    0       1.00000000       0.00000000               
138  139  638  107 1659      -0.68041725       0.18804347               
139  140    1   NA    0       1.00000000       0.00000000               
140  141    1   NA    0       1.00000000       0.00000000               
141  142 1189   69  216      -0.40885701       1.15482456               
142  143    1   NA    0       1.00000000       0.00000000               
 [ reached 'max' / getOption("max.print") -- omitted 66 rows ]




*** Information on priors *** 
   Parameters for prior on tauU (variance in spline coefficients:  1 0.05  which corresponds to a mean/std dev of 1/var of: 20 20 
   Parameters for prior on taueU (variance of log(U) about spline:  1 0.05  which corresponds to a mean/std dev of 1/var of: 20 20 
   Parameters for prior on beta.logitP[1] (intercept) (mean, sd): 
 -1.794 0 1.18954 10 
   Parameters for prior on tauP (residual variance of logit(P) after adjusting for covariates:  0.001 0.001  which corresponds to a mean/std dev of 1/var of: 1 31.62 


*** Initial seed for this run is:  598170 


*** Summary of MCMC results *** 

Inference for Bugs model at "C:/Users/avaisvil/OneDrive - DOI/Documents/R/american_river_SDM/model.txt", fit using jags,
 3 chains, each with 2000 iterations (first 500 discarded)
 n.sims = 4500 iterations saved
                      mean         sd        2.5%         25%         50%         75%       97.5%
Ntot           1367932.104 104950.991 1205202.925 1293535.250 1352974.500 1426097.248 1608110.634
U[1]              4977.242    447.657    4179.000    4664.000    4936.500    5256.250    5969.000
U[2]              6368.798    440.097    5577.000    6060.000    6354.000    6662.000    7283.444
U[3]              8070.482    687.581    6824.324    7581.750    8052.000    8510.000    9522.000
U[4]              8701.241    804.743    7274.475    8149.750    8653.500    9200.500   10430.525
U[5]              4885.450    148.474    4603.000    4780.000    4882.000    4984.000    5188.000
U[6]              7157.456    256.333    6701.475    6980.000    7146.500    7332.000    7686.050
U[7]              6445.344    275.555    5925.000    6252.000    6440.000    6630.000    7013.000
U[8]             12276.164    741.949   10926.950   11774.000   12241.000   12739.250   13893.575
U[9]              9756.645    499.198    8861.950    9400.750    9734.000   10065.000   10788.100
U[10]             7946.835    474.265    7067.950    7610.000    7937.500    8256.000    8918.575
U[11]               73.206   1372.469       0.000       0.000       0.000       0.000     172.150
U[12]               83.826   1184.945       0.000       0.000       0.000       0.000     150.100
U[13]               37.105    465.834       0.000       0.000       0.000       0.000     153.100
U[14]             6012.123    476.937    5175.000    5682.750    5969.500    6312.000    7034.525
U[15]            12126.219   1840.343    9085.850   10826.750   11893.000   13229.250   16312.398
U[16]               30.651    294.339       0.000       0.000       0.000       0.000     159.525
U[17]             1887.563    137.435    1631.475    1793.750    1881.000    1972.000    2176.000
U[18]             2370.336    145.537    2104.000    2269.000    2365.000    2463.000    2671.525
U[19]               55.009    700.872       0.000       0.000       0.000       0.000     120.000
U[20]               38.788    629.218       0.000       0.000       0.000       0.000      95.000
U[21]               15.503    272.978       0.000       0.000       0.000       0.000      60.000
U[22]               30.557    563.906       0.000       0.000       0.000       0.000      66.000
U[23]             7062.544    603.724    6006.950    6632.000    7010.000    7438.000    8391.525
U[24]             8897.297    408.890    8161.000    8610.000    8881.000    9157.000    9738.525
U[25]             8292.170    378.882    7579.000    8032.750    8285.000    8535.000    9075.050
U[26]             8635.330    371.273    7937.950    8386.000    8618.500    8876.000    9398.525
U[27]             7003.111    274.702    6485.475    6820.000    7001.000    7181.000    7569.050
U[28]             7684.934    298.104    7124.950    7483.000    7670.000    7884.000    8294.525
U[29]             8188.542   1359.404    6001.799    7211.000    8022.000    8956.000   11342.050
U[30]               33.476    632.556       0.000       0.000       0.000       0.000      92.575
U[31]               16.086    243.415       0.000       0.000       0.000       0.000      46.050
U[32]             5490.253    337.469    4879.000    5252.000    5477.000    5704.000    6215.575
U[33]               49.721   2019.279       0.000       0.000       0.000       0.000      68.000
U[34]             6411.370    758.719    5069.000    5881.000    6365.000    6872.000    8070.625
U[35]               16.682    233.689       0.000       0.000       0.000       0.000      66.000
U[36]               20.527    386.258       0.000       0.000       0.000       0.000      48.575
U[37]             1795.836    253.440    1361.475    1618.750    1771.000    1956.250    2356.525
U[38]               19.390    431.857       0.000       0.000       0.000       0.000      35.000
U[39]              422.466     89.063     273.000     359.000     414.000     475.000     625.525
U[40]               48.259   1447.132       0.000       0.000       0.000       0.000      34.000
U[41]                7.735    103.962       0.000       0.000       0.000       0.000      33.000
U[42]               27.036    356.909       0.000       0.000       0.000       0.000      52.000
U[43]                7.989    139.843       0.000       0.000       0.000       0.000      25.000
U[44]               25.551    736.897       0.000       0.000       0.000       0.000      34.525
U[45]               20.384    350.016       0.000       0.000       0.000       0.000      31.000
U[46]            39401.284   7014.797   28066.074   34425.750   38588.000   43337.250   56025.874
U[47]            54901.401   7097.533   42671.074   49974.250   54334.000   59181.750   70442.671
U[48]               21.018    392.508       0.000       0.000       0.000       0.000      37.000
U[49]               14.268    278.566       0.000       0.000       0.000       0.000      38.525
U[50]            50107.918   6328.953   39183.900   45604.000   49643.500   54248.000   63371.525
U[51]                7.911    101.956       0.000       0.000       0.000       0.000      34.525
U[52]               16.266    385.593       0.000       0.000       0.000       0.000      42.525
U[53]                7.266    105.980       0.000       0.000       0.000       0.000      25.525
U[54]                7.667    116.342       0.000       0.000       0.000       0.000      18.000
U[55]                6.085     67.589       0.000       0.000       0.000       0.000      18.000
U[56]           148527.169  50350.032   79852.317  113054.500  138545.999  172199.000  278546.947
U[57]                5.861     63.498       0.000       0.000       0.000       0.000      24.000
U[58]               17.605    321.618       0.000       0.000       0.000       0.000      33.000
U[59]            21423.041   4893.989   13902.475   17893.250   20738.500   24186.250   32924.617
U[60]               16.491    510.737       0.000       0.000       0.000       0.000      31.000
U[61]               43.118   1565.640       0.000       0.000       0.000       0.000      27.000
U[62]               18.820    359.404       0.000       0.000       0.000       0.000      32.525
U[63]            19098.516   8363.319    8572.185   13405.500   17232.000   22621.249   40313.930
U[64]                4.871     61.084       0.000       0.000       0.000       0.000      18.000
U[65]            24308.700   6496.420   14830.781   19658.250   23338.000   27735.750   39923.222
U[66]               35.514    791.535       0.000       0.000       0.000       0.000      36.000
U[67]               10.036    312.973       0.000       0.000       0.000       0.000      22.000
U[68]                9.689    137.988       0.000       0.000       0.000       0.000      32.100
U[69]               12.250    168.339       0.000       0.000       0.000       0.000      35.000
U[70]               15.385    273.445       0.000       0.000       0.000       0.000      38.000
U[71]            16023.567   1528.832   13310.950   14965.500   15950.000   17030.000   19259.625
U[72]               14.880    312.376       0.000       0.000       0.000       0.000      32.000
U[73]            19843.826   1495.310   17104.475   18795.000   19767.500   20845.000   22939.050
U[74]               20.842    405.080       0.000       0.000       0.000       0.000      42.000
U[75]               13.383    458.836       0.000       0.000       0.000       0.000      24.525
U[76]               14.575    273.638       0.000       0.000       0.000       0.000      23.525
U[77]               21.477    417.782       0.000       0.000       0.000       0.000      25.525
U[78]            17063.996   1670.943   14115.475   15859.000   16957.500   18129.500   20539.050
U[79]               20.269    476.350       0.000       0.000       0.000       0.000      33.000
U[80]               11.316    234.679       0.000       0.000       0.000       0.000      25.525
U[81]               13.029    215.194       0.000       0.000       0.000       0.000      27.525
U[82]                6.684     97.790       0.000       0.000       0.000       0.000      25.000
U[83]               19.684    294.478       0.000       0.000       0.000       0.000      26.525
U[84]            26092.590   5017.588   18142.749   22515.750   25431.000   28980.500   37440.775
U[85]               12.413    559.002       0.000       0.000       0.000       0.000      11.525
U[86]               11.018    164.737       0.000       0.000       0.000       0.000      23.050
U[87]                5.737     73.171       0.000       0.000       0.000       0.000      24.000
U[88]               10.586    168.581       0.000       0.000       0.000       0.000      22.000
U[89]               25.448    798.973       0.000       0.000       0.000       0.000      20.525
U[90]               23.978    477.652       0.000       0.000       0.000       0.000      23.525
U[91]                9.715    183.181       0.000       0.000       0.000       0.000      26.000
U[92]                5.689     81.774       0.000       0.000       0.000       0.000      17.000
U[93]                9.739    212.860       0.000       0.000       0.000       0.000      10.525
U[94]               10.065    212.169       0.000       0.000       0.000       0.000      23.000
U[95]               19.177    425.531       0.000       0.000       0.000       0.000      18.000
U[96]               16.354    311.077       0.000       0.000       0.000       0.000      27.000
U[97]                7.950    155.029       0.000       0.000       0.000       0.000      19.525
U[98]           148700.228  71770.092   66430.957  102203.250  132174.000  172592.497  335310.548
U[99]                9.602    153.019       0.000       0.000       0.000       0.000      16.525
U[100]               9.637    134.528       0.000       0.000       0.000       0.000      22.000
U[101]              10.470    168.904       0.000       0.000       0.000       0.000      15.000
U[102]           24301.053  11451.676   10685.324   16520.250   21479.499   29133.750   52258.525
U[103]              17.331    428.991       0.000       0.000       0.000       0.000      15.000
U[104]              11.290    270.831       0.000       0.000       0.000       0.000      17.525
U[105]               9.517    159.917       0.000       0.000       0.000       0.000      19.000
U[106]              14.390    286.726       0.000       0.000       0.000       0.000      12.000
U[107]               9.288    215.226       0.000       0.000       0.000       0.000      14.000
U[108]              13.230    328.293       0.000       0.000       0.000       0.000      21.000
U[109]           12008.185    773.228   10578.475   11467.000   11976.500   12508.250   13621.000
U[110]           10014.301    551.368    9010.425    9637.000    9993.000   10367.000   11172.525
U[111]               5.066     82.339       0.000       0.000       0.000       0.000      14.000
U[112]               7.909    152.462       0.000       0.000       0.000       0.000      27.000
U[113]               8.465    161.134       0.000       0.000       0.000       0.000      15.000
U[114]              13.927    370.346       0.000       0.000       0.000       0.000      19.000
U[115]           11253.679    701.643    9971.950   10768.000   11216.500   11703.000   12713.199
U[116]               8.060    118.064       0.000       0.000       0.000       0.000      19.525
U[117]              16.780    457.334       0.000       0.000       0.000       0.000      12.000
U[118]               9.852    227.198       0.000       0.000       0.000       0.000      13.000
U[119]           16971.868   4074.617   10915.749   14083.000   16348.000   19002.250   26765.349
U[120]              10.454    198.597       0.000       0.000       0.000       0.000      18.525
U[121]           47556.406  13534.162   28630.771   37882.000   45083.500   54521.749   79754.174
U[122]              10.536    249.833       0.000       0.000       0.000       0.000      13.000
U[123]           11113.430   2400.572    7379.475    9403.000   10773.000   12463.000   16749.625
U[124]               7.539    124.142       0.000       0.000       0.000       0.000      16.000
U[125]               6.943    107.570       0.000       0.000       0.000       0.000      19.000
U[126]               4.054     55.072       0.000       0.000       0.000       0.000      10.000
U[127]               9.222    200.860       0.000       0.000       0.000       0.000      13.000
U[128]               5.371     99.523       0.000       0.000       0.000       0.000       8.000
U[129]               5.031    166.645       0.000       0.000       0.000       0.000       9.525
U[130]               7.982    138.583       0.000       0.000       0.000       0.000      24.000
U[131]               6.644    119.487       0.000       0.000       0.000       0.000       9.000
U[132]              18.382    317.177       0.000       0.000       0.000       0.000      30.050
U[133]              17.334    378.929       0.000       0.000       0.000       0.000      21.525
U[134]            5340.642    288.461    4807.475    5146.000    5326.500    5528.000    5955.000
U[135]              14.296    329.647       0.000       0.000       0.000       0.000      13.000
U[136]              35.835    763.786       0.000       0.000       0.000       0.000      20.525
U[137]               4.749     57.785       0.000       0.000       0.000       0.000      20.000
U[138]            9904.591    902.856    8289.950    9267.500    9863.500   10470.000   11850.575
U[139]               6.575    109.933       0.000       0.000       0.000       0.000      13.000
U[140]              10.595    208.599       0.000       0.000       0.000       0.000      14.000
U[141]            3750.559    515.413    2858.475    3388.750    3710.000    4069.250    4849.050
U[142]               6.550    100.194       0.000       0.000       0.000       0.000      25.000
U[143]           17700.412   3791.439   11800.324   15022.750   17159.000   19815.500   26374.299
U[144]              11.248    194.454       0.000       0.000       0.000       0.000      20.525
U[145]            1170.534    298.736     703.949     956.750    1133.500    1339.000    1869.525
U[146]              16.186    288.327       0.000       0.000       0.000       0.000      35.000
U[147]             854.560    213.220     522.475     705.000     827.000     977.000    1339.000
U[148]              24.710    691.964       0.000       0.000       0.000       0.000      34.000
U[149]               7.514    108.765       0.000       0.000       0.000       0.000      23.525
U[150]               4.764     65.377       0.000       0.000       0.000       0.000      12.000
U[151]               9.766    171.457       0.000       0.000       0.000       0.000      18.000
U[152]              12.196    228.658       0.000       0.000       0.000       0.000      14.000
U[153]              23.375    458.739       0.000       0.000       0.000       0.000      45.525
U[154]           15037.657   1538.566   12342.475   13943.750   14953.000   16008.500   18348.625
U[155]               6.573     96.361       0.000       0.000       0.000       0.000      13.525
U[156]           25061.623   4183.713   18136.497   22134.500   24636.500   27444.500   34364.050
U[157]              24.306    344.259       0.000       0.000       0.000       0.000      27.525
U[158]            7550.109    749.907    6196.475    7021.000    7515.500    8023.000    9152.525
U[159]               8.269    187.024       0.000       0.000       0.000       0.000      14.000
U[160]            2226.352    180.686    1893.000    2099.000    2218.000    2344.000    2611.000
U[161]              22.450    517.090       0.000       0.000       0.000       0.000      35.000
U[162]            4482.974    350.133    3849.475    4236.000    4465.000    4710.000    5207.525
U[163]              16.389    466.857       0.000       0.000       0.000       0.000      24.000
U[164]            6121.065    549.477    5135.000    5727.000    6094.000    6475.250    7286.050
U[165]              37.587   1077.600       0.000       0.000       0.000       0.000      21.000
U[166]              10.956    190.210       0.000       0.000       0.000       0.000      26.000
U[167]               5.909    143.314       0.000       0.000       0.000       0.000      17.000
U[168]               9.508    122.201       0.000       0.000       0.000       0.000      32.000
U[169]              18.788    393.225       0.000       0.000       0.000       0.000      18.000
U[170]              11.021    153.545       0.000       0.000       0.000       0.000      34.000
U[171]              23.840    523.738       0.000       0.000       0.000       0.000      50.525
U[172]           11178.997   1288.934    8982.475   10260.750   11070.000   12005.250   13900.050
U[173]              18.441    345.575       0.000       0.000       0.000       0.000      33.000
U[174]              25.049    622.873       0.000       0.000       0.000       0.000      27.000
U[175]              12.116    181.243       0.000       0.000       0.000       0.000      30.000
U[176]              34.818    730.184       0.000       0.000       0.000       0.000      49.525
U[177]               9.607    124.891       0.000       0.000       0.000       0.000      36.050
U[178]          101413.688  42492.563   48167.197   72702.249   91700.500  119947.248  211594.260
U[179]              19.235    448.073       0.000       0.000       0.000       0.000      31.000
U[180]              35.213    635.996       0.000       0.000       0.000       0.000      33.000
U[181]           40648.092  16770.139   18835.649   29131.500   37084.000   48201.999   82620.191
U[182]              30.813    780.741       0.000       0.000       0.000       0.000      29.000
U[183]           11027.453   4158.117    5519.950    8133.500   10177.500   13030.000   21084.269
U[184]              14.068    238.165       0.000       0.000       0.000       0.000      39.525
U[185]              11.204    184.634       0.000       0.000       0.000       0.000      39.050
U[186]              23.144    362.473       0.000       0.000       0.000       0.000      42.525
U[187]              10.983    167.072       0.000       0.000       0.000       0.000      42.525
U[188]              25.575    434.052       0.000       0.000       0.000       0.000      44.525
U[189]              10.840    277.391       0.000       0.000       0.000       0.000      29.000
U[190]              27.761    391.897       0.000       0.000       0.000       0.000      62.525
U[191]               9.963    129.488       0.000       0.000       0.000       0.000      35.525
U[192]           17577.270   2115.872   13843.375   16091.000   17460.500   18902.250   22026.200
U[193]              27.403    640.596       0.000       0.000       0.000       0.000      47.525
U[194]              17.835    334.656       0.000       0.000       0.000       0.000      40.525
U[195]              20.796    305.249       0.000       0.000       0.000       0.000      44.525
U[196]              37.958   1001.119       0.000       0.000       0.000       0.000      51.525
U[197]              19.236    229.795       0.000       0.000       0.000       0.000      68.525
U[198]           26386.966   3263.952   20896.375   24103.750   26067.500   28378.250   33527.449
U[199]              41.411    788.149       0.000       0.000       0.000       0.000      56.000
U[200]           48706.646  13052.111   29158.649   39190.500   46937.500   55957.250   79988.990
U[201]              16.532    188.792       0.000       0.000       0.000       0.000      52.000
U[202]              22.838    565.917       0.000       0.000       0.000       0.000      47.525
U[203]           14605.108   4110.830    8617.375   11645.500   13945.000   16733.250   24787.200
U[204]           13105.106   2765.946    8761.900   11144.000   12765.000   14612.000   19560.100
U[205]              26.978    507.103       0.000       0.000       0.000       0.000      57.525
U[206]           10245.915   2366.559    6614.950    8558.750    9919.500   11560.250   15658.497
U[207]              45.207    879.682       0.000       0.000       0.000       0.000      73.525
U[208]            2437.980    517.579    1608.000    2077.000    2376.000    2739.000    3629.247
Utot           1286626.104 104950.991 1123896.925 1212229.250 1271668.500 1344791.248 1526804.632
bU[1]               13.048      4.215       5.771       8.457      14.677      16.114      19.124
bU[2]               12.262      3.842       5.709       7.966      13.738      15.062      17.653
bU[3]               11.473      3.519       5.596       7.502      12.885      14.066      16.303
bU[4]               10.678      3.242       5.323       7.218      11.913      13.099      15.407
bU[5]                9.867      3.008       4.975       6.901      10.863      12.334      14.472
bU[6]                9.045      2.818       4.546       6.360       9.661      11.599      13.431
bU[7]                8.218      2.674       4.176       5.620       8.490      10.788      12.476
bU[8]                7.375      2.553       3.673       4.913       7.302       9.846      11.585
bU[9]                6.524      2.455       3.012       4.277       6.075       8.960      10.771
bU[10]               5.673      2.367       2.125       3.666       4.964       8.106       9.750
bU[11]               4.835      2.282       1.337       3.088       4.018       7.313       8.610
bU[12]               4.014      2.177       0.697       2.450       3.189       6.446       7.611
bU[13]               3.227      2.022       0.137       1.795       2.551       5.554       6.574
bU[14]               2.498      1.812      -0.465       1.186       1.939       4.429       5.704
bU[15]               1.840      1.567      -0.721       0.851       1.401       3.175       4.711
bU[16]               1.247      1.337      -1.087       0.441       1.048       2.028       3.916
bU[17]               0.705      1.183      -1.402      -0.077       0.693       1.430       3.112
bU[18]               0.213      1.159      -1.947      -0.711       0.226       1.120       2.340
bU[19]              -0.223      1.243      -2.375      -1.324      -0.156       0.810       1.833
bU[20]              -0.585      1.360      -3.052      -1.809      -0.452       0.346       1.803
bU[21]              -0.868      1.467      -3.560      -2.082      -0.818       0.055       1.825
bU[22]              -1.084      1.558      -3.896      -2.319      -1.074      -0.093       1.829
bU[23]              -1.237      1.621      -3.987      -2.535      -1.336      -0.082       1.816
bU[24]              -1.337      1.641      -3.830      -2.752      -1.542      -0.143       1.777
bU[25]              -1.395      1.615      -3.662      -2.769      -1.670      -0.220       1.714
bU[26]              -1.417      1.559      -3.668      -2.664      -1.663      -0.413       1.720
bU[27]              -1.404      1.508      -3.648      -2.663      -1.516      -0.480       1.690
bU[28]              -1.350      1.492      -3.609      -2.539      -1.523      -0.258       1.588
bU[29]              -1.252      1.525      -3.672      -2.317      -1.514      -0.011       1.560
bU[30]              -1.120      1.603      -3.755      -2.166      -1.314       0.039       2.132
bU[31]              -0.960      1.702      -3.902      -2.306      -0.838       0.151       2.902
bU[32]              -0.778      1.804      -3.968      -2.339      -0.490       0.367       3.353
bU[33]              -0.572      1.897      -3.913      -2.220      -0.529       0.799       3.657
bU[34]              -0.333      1.993      -3.533      -2.062      -0.598       1.289       3.966
bU[35]              -0.065      2.094      -2.989      -1.904      -0.558       1.904       4.024
bU[36]               0.216      2.181      -2.634      -1.709      -0.381       2.442       4.213
bU[37]               0.489      2.249      -2.280      -1.465      -0.239       2.879       4.576
bU[38]               0.740      2.286      -2.053      -1.187      -0.108       3.107       5.098
bU[39]               0.960      2.277      -1.806      -0.964       0.103       3.127       5.615
bU[40]               1.143      2.208      -1.610      -0.755       0.443       3.141       5.790
bU[41]               1.287      2.083      -1.373      -0.473       0.751       2.888       5.638
bU[42]               1.385      1.907      -1.087      -0.173       1.015       2.635       5.439
bU[43]               1.447      1.694      -0.806       0.041       1.170       2.556       5.269
bU[44]               1.489      1.485      -0.714       0.263       1.348       2.497       4.971
bU[45]               1.525      1.331      -0.789       0.494       1.580       2.374       4.469
bU[46]               1.575      1.291      -0.735       0.645       1.634       2.544       3.983
bU[47]               1.645      1.384      -0.585       0.576       1.475       2.837       4.239
bU[48]               1.732      1.586      -0.653       0.590       1.329       3.006       4.808
bU[49]               1.844      1.855      -0.753       0.465       1.232       3.478       5.481
bU[50]               1.991      2.185      -0.840       0.242       1.243       3.905       6.346
bU[51]               2.173      2.572      -1.148       0.033       1.415       4.321       7.201
bU[52]               2.396      3.007      -1.931       0.250       1.609       4.798       8.048
bU[53]               2.644      3.499      -2.919       0.536       1.881       5.342       9.078
bU[54]               2.897      4.060      -4.104       0.554       2.335       5.945      10.275
bU[55]               3.148      4.674      -5.266       0.317       2.793       6.607      11.578
beta.logitP[1]      -1.410      0.637      -2.897      -1.793      -1.328      -0.951      -0.378
beta.logitP[2]      -0.665      0.446      -1.560      -0.952      -0.655      -0.362       0.200
beta.logitP[3]       0.214     10.019     -19.472      -6.487       0.211       7.191      19.668
deviance          1108.899     17.675    1075.677    1096.496    1108.405    1120.336    1145.510
eU[1]               -4.108      4.003      -9.785      -7.002      -5.643       0.325       2.839
eU[2]               -3.498      3.839      -8.897      -6.283      -4.967       0.799       3.050
eU[3]               -2.957      3.707      -8.094      -5.682      -4.398       1.222       3.309
eU[4]               -2.622      3.603      -7.562      -5.260      -4.059       1.450       3.433
eU[5]               -2.966      3.514      -7.773      -5.544      -4.396       1.008       2.892
eU[6]               -2.373      3.436      -7.139      -4.883      -3.766       1.464       3.342
eU[7]               -2.279      3.367      -7.003      -4.750      -3.623       1.431       3.308
eU[8]               -1.443      3.300      -6.140      -3.897      -2.716       2.131       4.025
eU[9]               -1.481      3.238      -6.187      -3.904      -2.715       1.971       3.864
eU[10]              -1.491      3.176      -6.175      -3.896      -2.681       1.868       3.710
eU[11]             -17.764     10.444     -42.922     -23.450     -15.423     -10.374      -2.586
eU[12]             -18.829     11.176     -45.976     -24.908     -16.065     -10.722      -3.193
eU[13]             -20.379     14.448     -57.424     -28.129     -15.963      -9.647      -2.855
eU[14]              -0.962      2.957      -5.542      -3.451      -1.855       1.943       3.835
eU[15]              -0.064      2.908      -4.552      -2.587      -0.877       2.758       4.637
eU[16]             -19.871     14.448     -57.507     -25.706     -15.326      -9.871      -2.525
eU[17]              -1.504      2.815      -5.877      -4.072      -2.117       1.180       2.983
eU[18]              -1.069      2.774      -5.397      -3.647      -1.609       1.569       3.285
eU[19]             -16.672     10.846     -43.682     -22.622     -14.031      -8.782      -1.874
eU[20]             -16.657     11.787     -50.303     -21.164     -13.810      -8.897      -2.236
eU[21]             -20.480     20.444     -92.926     -22.817     -14.116      -9.141      -2.113
eU[22]             -18.178     13.192     -52.871     -23.922     -14.633      -9.131      -2.444
eU[23]               1.063      2.606      -3.112      -1.463       0.983       3.596       4.870
eU[24]               1.508      2.576      -2.671      -0.999       1.505       4.003       5.225
eU[25]               1.649      2.547      -2.546      -0.847       1.738       4.114       5.326
eU[26]               1.901      2.521      -2.281      -0.588       2.079       4.307       5.529
eU[27]               1.904      2.495      -2.305      -0.552       2.172       4.256       5.485
eU[28]               2.210      2.472      -1.995      -0.238       2.578       4.503       5.735
eU[29]               2.473      2.454      -1.737       0.055       2.943       4.693       5.928
eU[30]             -18.532     16.813     -65.494     -24.722     -12.927      -7.080      -0.121
eU[31]             -18.716     16.216     -57.590     -27.333     -12.411      -6.773      -0.661
eU[32]               2.722      2.380      -1.359       0.273       3.366       4.774       6.192
eU[33]             -17.799     15.181     -57.078     -24.710     -12.717      -6.877      -0.116
eU[34]               3.295      2.336      -0.678       0.825       4.066       5.211       6.787
eU[35]             -16.078     14.207     -54.799     -22.468     -11.889      -6.099       0.489
eU[36]             -17.445     14.564     -54.327     -25.038     -12.864      -6.747       0.330
eU[37]               2.646      2.274      -1.164       0.186       3.458       4.387       6.119
eU[38]             -16.348     14.209     -53.320     -22.977     -11.970      -6.090       0.396
eU[39]               1.599      2.217      -2.117      -0.755       2.414       3.246       4.994
eU[40]             -18.105     16.753     -57.322     -27.306     -12.042      -5.552       1.055
eU[41]             -17.910     16.225     -60.849     -24.616     -12.963      -6.559       0.839
eU[42]             -27.888     34.106    -111.827     -40.398     -11.513      -5.041       1.753
eU[43]             -16.965     17.201     -67.810     -21.881     -11.030      -5.431       0.792
eU[44]             -15.909     14.655     -53.065     -22.973     -10.936      -5.299       1.554
eU[45]             -12.040      9.421     -35.155     -16.795      -9.974      -5.229       1.653
eU[46]               7.517      1.963       4.192       5.310       8.179       8.922      10.590
eU[47]               8.040      1.907       4.806       5.897       8.649       9.426      11.019
eU[48]             -16.215     15.790     -56.274     -23.009     -11.516      -4.599       2.347
eU[49]             -15.961     17.480     -66.856     -20.593     -10.203      -4.334       2.431
eU[50]               8.476      1.736       5.327       6.714       8.995       9.708      11.316
eU[51]             -14.263     13.334     -47.733     -20.746     -10.197      -4.439       2.305
eU[52]             -17.488     20.171     -73.796     -22.428     -10.256      -4.340       2.637
eU[53]             -16.023     15.554     -56.686     -21.631     -11.271      -5.049       2.037
eU[54]             -14.411     15.236     -59.290     -19.142      -9.779      -4.492       1.792
eU[55]             -18.580     20.104     -74.488     -26.247     -10.968      -4.444       2.156
eU[56]              10.459      1.420       7.612       9.502      10.676      11.427      12.862
eU[57]             -12.467     12.766     -50.190     -16.358      -9.333      -4.164       2.485
eU[58]             -12.491     12.864     -46.985     -17.921      -8.929      -3.376       2.811
eU[59]               8.969      1.253       6.368       8.235       9.039       9.752      11.183
eU[60]             -13.461     15.456     -55.220     -19.318      -8.175      -3.194       3.297
eU[61]             -14.538     15.870     -58.476     -20.620      -9.473      -3.558       3.181
eU[62]             -11.882     11.672     -43.326     -17.968      -8.729      -3.439       3.272
eU[63]               9.316      1.213       6.896       8.513       9.314      10.175      11.591
eU[64]             -23.624     31.988    -108.689     -24.219      -9.782      -3.435       2.911
eU[65]               9.844      1.170       7.652       8.956       9.823      10.747      11.996
eU[66]             -13.075     13.225     -45.686     -19.568      -9.260      -3.284       3.661
eU[67]             -14.698     17.318     -60.623     -20.628      -8.256      -2.693       3.130
eU[68]             -11.449     11.598     -40.817     -16.829      -8.324      -3.162       3.445
eU[69]             -14.745     17.472     -65.733     -19.957      -9.292      -2.966       3.867
eU[70]             -12.714     15.008     -57.394     -17.104      -8.611      -3.017       4.497
eU[71]              10.078      1.285       7.918       9.082       9.976      11.250      12.321
eU[72]             -12.839     14.646     -54.230     -18.494      -8.311      -2.774       4.022
eU[73]              10.465      1.346       8.087       9.526      10.334      11.670      12.890
eU[74]              -9.206      9.266     -32.266     -14.318      -7.159      -2.529       3.955
eU[75]             -11.135     11.707     -39.842     -17.092      -8.012      -2.431       4.140
eU[76]             -13.860     15.424     -53.888     -20.985      -9.262      -2.598       3.922
eU[77]             -13.126     15.289     -52.361     -19.537      -8.229      -2.723       3.991
eU[78]              10.657      1.479       7.919       9.734      10.603      11.869      13.337
eU[79]             -14.938     17.460     -63.083     -19.451      -9.377      -3.138       4.238
eU[80]             -18.270     23.319     -82.919     -23.666      -9.229      -2.997       3.863
eU[81]             -13.952     18.172     -72.108     -18.011      -8.260      -2.417       4.173
eU[82]             -12.257     14.287     -52.950     -17.760      -8.344      -2.317       4.297
eU[83]             -12.502     15.103     -56.448     -18.132      -7.405      -2.199       3.853
eU[84]              11.346      1.606       8.311      10.223      11.433      12.609      14.101
eU[85]             -22.390     25.773     -87.775     -33.224     -12.069      -3.871       3.495
eU[86]             -10.028      9.754     -33.195     -15.605      -8.600      -2.681       4.300
eU[87]             -11.764     13.476     -48.197     -18.092      -7.794      -1.872       4.110
eU[88]             -16.617     18.963     -66.018     -24.834     -10.040      -2.885       4.296
eU[89]             -11.956     13.357     -48.754     -17.554      -8.127      -2.432       4.169
eU[90]             -11.835     15.171     -55.660     -14.836      -7.428      -2.229       4.617
eU[91]             -15.289     19.687     -72.694     -20.053      -8.725      -2.326       4.644
eU[92]             -20.302     27.228    -105.142     -25.357     -10.666      -3.244       4.137
eU[93]             -13.964     14.384     -49.190     -20.856     -10.369      -3.093       3.849
eU[94]             -11.051     11.954     -43.929     -15.872      -8.236      -2.556       4.231
eU[95]             -12.683     13.965     -47.666     -18.956      -8.918      -2.605       4.411
eU[96]             -17.635     21.868     -77.304     -24.440      -9.649      -2.734       4.716
eU[97]             -14.345     18.060     -77.895     -19.506      -9.386      -2.741       4.486
eU[98]              13.231      1.589       9.949      12.221      13.482      14.441      15.685
eU[99]             -13.842     14.850     -49.651     -21.919      -9.434      -2.479       4.605
eU[100]             -9.866     12.284     -44.674     -14.858      -6.460      -1.308       5.134
eU[101]            -15.351     18.893     -66.896     -20.974      -8.913      -2.650       4.454
eU[102]             11.395      1.540       8.207      10.438      11.548      12.602      13.866
eU[103]            -18.031     24.267     -88.846     -20.787      -8.881      -2.968       3.944
eU[104]             -9.947     10.181     -35.657     -15.526      -8.126      -2.410       4.469
eU[105]            -12.229     13.514     -48.871     -17.912      -8.709      -2.708       4.802
eU[106]            -21.808     27.005    -101.295     -29.293     -11.589      -3.813       4.018
eU[107]            -16.178     18.023     -63.512     -24.914     -10.213      -3.221       4.125
eU[108]            -12.121     13.761     -49.252     -18.536      -8.092      -2.481       4.774
eU[109]             10.637      1.515       7.828       9.404      10.907      11.685      13.049
eU[110]             10.426      1.530       7.556       9.197      10.695      11.432      12.886
eU[111]            -18.536     22.365     -80.959     -25.578     -10.377      -3.174       4.396
eU[112]            -14.288     22.682     -93.351     -17.055      -7.069      -1.452       4.978
eU[113]            -15.356     18.833     -68.136     -19.351      -9.288      -2.848       4.401
eU[114]            -11.078     12.385     -41.842     -16.656      -8.181      -2.529       4.878
eU[115]             10.366      1.637       6.803       9.245      10.419      11.545      13.141
eU[116]            -17.129     24.020     -96.360     -22.199      -9.132      -2.563       4.857
eU[117]            -13.452     16.042     -62.780     -18.639      -9.011      -2.568       4.299
eU[118]            -11.528     13.087     -49.420     -17.227      -8.412      -2.346       4.690
eU[119]             10.581      1.755       6.575       9.472      10.388      12.013      13.676
eU[120]            -12.286     13.694     -45.032     -19.503      -8.184      -2.062       4.612
eU[121]             11.507      1.805       7.407      10.346      11.302      13.018      14.694
eU[122]            -11.831     12.567     -45.029     -18.282      -8.629      -2.736       4.411
eU[123]              9.968      1.852       5.794       8.728       9.795      11.573      13.295
eU[124]            -13.330     13.929     -47.909     -19.884      -9.340      -3.296       4.124
eU[125]            -14.955     18.826     -71.795     -20.047      -8.930      -2.955       4.082
eU[126]            -16.556     18.905     -66.049     -23.656      -9.703      -3.348       3.847
eU[127]            -22.327     27.775    -103.136     -33.236     -11.114      -3.080       4.197
eU[128]            -15.741     15.433     -55.984     -25.052     -11.111      -3.867       3.219
eU[129]            -14.010     14.931     -54.788     -20.906      -9.378      -3.308       3.698
eU[130]            -12.780     15.403     -59.201     -17.928      -8.625      -2.648       4.531
eU[131]            -18.146     22.391     -82.673     -24.528      -9.711      -2.886       3.740
eU[132]            -14.185     17.422     -66.188     -19.892      -9.235      -2.634       4.534
eU[133]            -12.106     13.427     -47.618     -18.637      -8.339      -2.420       4.290
eU[134]              8.575      2.105       4.594       6.540       9.092      10.446      11.435
eU[135]            -17.218     18.541     -59.351     -26.967     -10.611      -3.233       3.800
eU[136]            -13.955     15.273     -52.262     -22.071      -9.276      -2.628       4.607
eU[137]            -13.807     14.355     -49.811     -20.955     -10.010      -3.329       3.996
eU[138]              8.913      2.191       4.936       6.627       9.542      10.852      11.719
eU[139]            -19.585     22.105     -76.722     -29.502     -11.164      -3.643       3.954
eU[140]            -17.580     19.428     -66.101     -26.411     -10.507      -3.908       3.934
eU[141]              7.735      2.240       3.721       5.339       8.430       9.695      10.479
eU[142]            -12.685     13.456     -46.802     -18.501      -8.631      -3.134       3.871
eU[143]              9.146      2.264       4.962       6.721       9.920      11.075      12.009
eU[144]            -13.246     14.534     -50.891     -18.835      -8.871      -2.782       3.904
eU[145]              6.299      2.276       1.930       3.966       7.103       8.200       9.175
eU[146]            -15.464     17.837     -69.307     -22.661     -10.113      -2.940       4.286
eU[147]              5.872      2.278       1.384       3.602       6.727       7.775       8.715
eU[148]            -13.661     13.567     -46.776     -21.191     -10.055      -3.476       3.963
eU[149]            -17.185     20.303     -74.299     -25.213      -9.522      -3.067       3.514
eU[150]            -14.232     13.296     -46.291     -21.816     -10.143      -4.343       2.693
eU[151]            -14.985     15.096     -53.518     -21.179     -10.603      -4.091       3.391
eU[152]            -18.771     20.978     -71.949     -27.622     -10.775      -3.799       2.986
eU[153]            -18.965     26.828    -103.476     -21.455      -9.094      -3.159       4.189
eU[154]              8.437      2.166       3.894       6.514       9.120      10.290      11.138
eU[155]            -15.384     15.158     -54.695     -22.027     -10.949      -4.190       2.748
eU[156]              8.868      2.103       4.480       7.162       9.444      10.640      11.558
eU[157]            -18.480     18.679     -63.297     -28.943     -11.817      -4.684       3.302
eU[158]              7.616      2.034       3.387       6.092       8.090       9.322      10.223
eU[159]            -19.108     22.604     -79.557     -26.393     -10.635      -4.092       2.655
eU[160]              6.347      1.942       2.259       4.997       6.762       7.954       8.849
eU[161]            -18.290     21.611     -81.706     -24.530     -10.444      -4.082       3.084
eU[162]              7.007      1.843       3.076       5.798       7.345       8.545       9.409
eU[163]            -19.183     22.563     -86.778     -25.907     -10.666      -3.990       2.698
eU[164]              7.285      1.739       3.418       6.147       7.574       8.738       9.584
eU[165]            -13.052     13.565     -51.658     -17.648      -9.088      -3.847       2.266
eU[166]            -18.053     19.766     -63.759     -28.510     -10.121      -3.701       2.928
eU[167]            -21.205     26.384    -109.067     -26.286     -12.394      -4.694       2.494
eU[168]            -15.407     15.057     -52.426     -21.660     -10.531      -4.691       2.809
eU[169]            -12.348     11.404     -43.335     -17.203      -9.612      -4.293       2.105
eU[170]            -18.076     19.863     -70.024     -27.162     -10.181      -4.156       2.480
eU[171]            -15.298     15.727     -55.365     -23.077      -9.808      -4.167       2.974
eU[172]              7.798      1.355       4.713       6.894       7.758       8.889      10.064
eU[173]            -13.762     12.412     -43.750     -20.422     -10.617      -4.401       2.462
eU[174]            -15.560     15.862     -55.238     -21.353     -10.929      -4.718       2.197
eU[175]            -15.375     15.507     -58.771     -21.043     -10.442      -4.745       2.356
eU[176]            -14.825     16.594     -60.153     -19.783      -9.588      -3.805       2.879
eU[177]            -16.306     18.749     -71.410     -20.397      -9.598      -4.168       2.293
eU[178]              9.859      1.335       7.331       8.869       9.852      10.841      12.276
eU[179]            -22.672     25.688     -85.800     -31.423     -11.790      -4.686       1.967
eU[180]            -13.188     12.942     -50.844     -18.389      -9.365      -4.262       2.147
eU[181]              8.892      1.425       6.187       7.754       9.028       9.982      11.328
eU[182]            -16.261     15.229     -55.309     -23.726     -11.766      -4.972       2.001
eU[183]              7.556      1.501       4.656       6.363       7.799       8.703       9.988
eU[184]            -14.377     13.920     -49.431     -20.979      -9.591      -4.383       2.101
eU[185]            -17.211     16.143     -59.015     -24.284     -12.263      -5.473       1.772
eU[186]            -13.689     12.511     -45.816     -19.310     -10.534      -4.579       2.059
eU[187]            -12.801     11.811     -43.834     -18.630      -9.591      -4.318       2.097
eU[188]            -17.263     16.538     -58.487     -24.466     -11.411      -5.249       1.801
eU[189]            -12.800     10.887     -40.036     -19.078     -10.170      -4.834       1.536
eU[190]            -12.898     11.354     -41.934     -18.522     -10.041      -4.830       2.173
eU[191]            -26.074     28.804    -105.834     -39.076     -13.321      -6.062       1.978
eU[192]              7.811      2.095       3.646       5.938       8.574       9.436      10.566
eU[193]            -18.467     21.058     -81.133     -25.571     -10.176      -4.576       1.595
eU[194]            -13.986     13.478     -55.399     -18.729     -10.493      -5.222       2.096
eU[195]            -17.604     17.895     -68.584     -22.799     -11.193      -5.612       1.181
eU[196]            -16.817     16.192     -58.479     -23.997     -11.044      -5.357       1.418
eU[197]            -18.398     25.452    -122.908     -20.349     -10.779      -4.802       1.967
eU[198]              7.941      2.676       2.815       5.705       8.737      10.169      11.483
eU[199]            -13.602     13.149     -51.889     -18.514     -10.053      -4.669       1.968
eU[200]              8.418      2.906       2.926       5.960       9.224      10.636      12.536
eU[201]            -17.358     18.377     -68.049     -21.624     -11.001      -5.440       1.570
eU[202]            -18.184     17.602     -66.938     -23.572     -11.980      -6.273       0.931
eU[203]              7.030      3.263       0.916       4.371       7.773       9.166      11.993
eU[204]              6.869      3.394       0.579       4.203       7.611       8.977      12.167
eU[205]            -16.648     15.758     -61.083     -23.048     -11.874      -5.920       1.518
eU[206]              6.460      3.736      -0.419       3.583       7.132       8.652      12.575
eU[207]            -14.406     13.436     -56.523     -19.506     -11.125      -5.454       1.993
eU[208]              4.796      4.258      -2.954       1.616       5.281       7.366      12.247
etaU[1]              8.509      0.089       8.338       8.448       8.504       8.567       8.694
etaU[2]              8.757      0.069       8.626       8.709       8.757       8.804       8.893
etaU[3]              8.992      0.085       8.828       8.933       8.994       9.049       9.161
etaU[4]              9.067      0.092       8.892       9.006       9.066       9.127       9.253
etaU[5]              8.494      0.030       8.434       8.472       8.493       8.514       8.554
etaU[6]              8.875      0.036       8.810       8.851       8.874       8.900       8.947
etaU[7]              8.770      0.043       8.687       8.741       8.770       8.799       8.856
etaU[8]              9.414      0.060       9.299       9.374       9.413       9.452       9.539
etaU[9]              9.184      0.051       9.090       9.149       9.183       9.217       9.286
etaU[10]             8.979      0.059       8.863       8.937       8.979       9.019       9.096
etaU[11]            -7.493      9.337     -30.973     -12.004      -5.081      -0.965       5.146
etaU[12]            -8.761     10.151     -32.630     -14.151      -6.047      -1.316       5.013
etaU[13]           -10.514     13.171     -44.693     -16.659      -5.909      -1.132       5.031
etaU[14]             8.698      0.078       8.552       8.645       8.694       8.750       8.859
etaU[15]             9.392      0.149       9.114       9.290       9.384       9.490       9.700
etaU[16]           -10.621     12.975     -44.817     -16.048      -6.584      -1.382       5.070
etaU[17]             7.540      0.072       7.397       7.492       7.540       7.587       7.685
etaU[18]             7.769      0.061       7.652       7.727       7.768       7.809       7.890
etaU[19]            -8.041      9.913     -31.808     -12.960      -5.515      -1.150       4.788
etaU[20]            -8.233     10.737     -39.011     -11.745      -5.591      -1.360       4.549
etaU[21]           -12.265     19.077     -80.516     -14.689      -6.269      -1.701       4.095
etaU[22]           -10.173     12.269     -42.413     -15.570      -6.754      -1.745       4.188
etaU[23]             8.859      0.085       8.701       8.800       8.855       8.914       9.035
etaU[24]             9.092      0.046       9.007       9.061       9.092       9.122       9.184
etaU[25]             9.022      0.046       8.933       8.991       9.022       9.052       9.113
etaU[26]             9.063      0.043       8.979       9.034       9.062       9.091       9.148
etaU[27]             8.853      0.039       8.777       8.828       8.854       8.879       8.932
etaU[28]             8.946      0.039       8.871       8.920       8.945       8.973       9.023
etaU[29]             8.997      0.162       8.700       8.883       8.990       9.100       9.336
etaU[30]           -12.221     15.547     -56.499     -17.521      -7.192      -1.757       4.527
etaU[31]           -12.617     14.577     -48.385     -19.948      -7.192      -1.863       3.830
etaU[32]             8.609      0.061       8.493       8.566       8.608       8.649       8.735
etaU[33]           -12.124     14.105     -50.674     -17.873      -7.508      -2.150       4.219
etaU[34]             8.759      0.117       8.531       8.680       8.759       8.835       8.996
etaU[35]           -10.823     12.916     -46.050     -16.370      -6.971      -1.947       4.195
etaU[36]           -12.400     13.314     -46.891     -18.909      -8.479      -2.678       3.887
etaU[37]             7.483      0.140       7.217       7.389       7.479       7.579       7.765
etaU[38]           -11.717     12.949     -46.090     -17.475      -7.729      -2.389       3.556
etaU[39]             6.024      0.210       5.610       5.883       6.026       6.164       6.439
etaU[40]           -13.883     15.273     -50.747     -21.753      -8.713      -2.488       3.519
etaU[41]           -13.890     15.137     -54.173     -20.008      -9.311      -3.112       3.508
etaU[42]           -24.068     32.620    -105.607     -35.179      -8.691      -2.543       3.955
etaU[43]           -13.342     16.071     -61.902     -18.120      -8.079      -2.430       3.213
etaU[44]           -12.481     13.459     -46.807     -19.080      -8.121      -2.755       3.537
etaU[45]            -8.803      8.670     -29.938     -13.582      -6.944      -2.444       3.444
etaU[46]            10.566      0.174      10.242      10.447      10.561      10.677      10.934
etaU[47]            10.905      0.128      10.661      10.819      10.903      10.988      11.163
etaU[48]           -13.530     14.688     -51.371     -19.626      -9.111      -2.844       3.602
etaU[49]           -13.451     16.337     -61.599     -17.588      -8.147      -2.573       3.652
etaU[50]            10.814      0.125      10.576      10.728      10.813      10.901      11.057
etaU[51]           -12.092     12.405     -43.674     -18.266      -8.464      -2.920       3.542
etaU[52]           -15.479     19.253     -70.181     -20.095      -8.626      -3.058       3.759
etaU[53]           -14.173     14.680     -52.786     -19.877      -9.919      -3.626       3.250
etaU[54]           -12.715     14.718     -56.375     -17.425      -8.112      -3.194       2.867
etaU[55]           -17.034     19.159     -70.096     -23.766     -10.120      -3.513       2.901
etaU[56]            11.858      0.314      11.288      11.636      11.839      12.056      12.537
etaU[57]           -11.211     12.369     -47.769     -15.104      -8.190      -3.113       3.175
etaU[58]           -11.376     12.339     -44.046     -16.578      -7.873      -2.667       3.508
etaU[59]             9.948      0.220       9.540       9.792       9.940      10.094      10.402
etaU[60]           -12.617     15.068     -53.576     -18.087      -7.488      -2.639       3.435
etaU[61]           -13.825     15.509     -56.815     -19.960      -8.935      -3.004       3.304
etaU[62]           -11.296     11.317     -41.318     -17.321      -8.207      -3.060       3.474
etaU[63]             9.777      0.394       9.056       9.503       9.755      10.027      10.604
etaU[64]           -23.285     31.523    -106.735     -24.059      -9.803      -3.346       2.885
etaU[65]            10.066      0.254       9.604       9.886      10.058      10.230      10.595
etaU[66]           -12.967     13.006     -44.838     -19.518      -9.369      -3.176       3.594
etaU[67]           -14.700     17.138     -60.636     -20.487      -8.412      -2.810       3.084
etaU[68]           -11.558     11.549     -40.183     -17.147      -8.406      -3.264       3.460
etaU[69]           -14.956     17.456     -65.217     -20.245      -9.494      -3.057       3.558
etaU[70]           -13.022     14.719     -56.648     -17.437      -8.989      -3.466       3.636
etaU[71]             9.677      0.095       9.496       9.613       9.677       9.743       9.866
etaU[72]           -13.328     14.916     -56.005     -18.784      -8.746      -2.986       3.464
etaU[73]             9.893      0.075       9.747       9.841       9.892       9.945      10.041
etaU[74]            -9.856      9.487     -33.633     -15.077      -7.723      -2.816       3.737
etaU[75]           -11.859     11.786     -40.863     -17.725      -8.563      -3.060       3.197
etaU[76]           -14.652     15.374     -54.208     -21.629     -10.022      -3.474       3.163
etaU[77]           -13.983     15.574     -54.279     -20.334      -9.002      -3.194       3.233
etaU[78]             9.740      0.097       9.555       9.671       9.738       9.805       9.930
etaU[79]           -15.911     17.904     -66.366     -20.598     -10.155      -3.751       3.496
etaU[80]           -19.296     23.926     -85.061     -24.142      -9.886      -3.555       3.226
etaU[81]           -15.026     18.665     -74.722     -18.882      -8.961      -3.101       3.309
etaU[82]           -13.374     14.543     -54.027     -18.949      -9.025      -3.195       3.229
etaU[83]           -13.660     15.683     -59.145     -19.566      -8.387      -2.771       3.267
etaU[84]            10.152      0.187       9.806      10.022      10.144      10.274      10.531
etaU[85]           -23.618     26.356     -90.912     -33.755     -12.913      -4.889       2.464
etaU[86]           -11.286     10.087     -35.418     -17.025      -9.495      -3.503       3.136
etaU[87]           -13.049     13.729     -49.815     -19.729      -8.840      -3.002       3.191
etaU[88]           -17.926     19.355     -68.302     -26.107     -10.920      -3.818       3.099
etaU[89]           -13.286     13.844     -51.778     -18.896      -9.272      -3.304       3.022
etaU[90]           -13.184     15.525     -58.318     -16.268      -8.461      -3.410       3.159
etaU[91]           -16.653     19.932     -73.341     -21.613      -9.845      -3.294       3.250
etaU[92]           -21.680     27.374    -106.554     -26.016     -12.087      -4.392       2.834
etaU[93]           -15.353     14.599     -52.085     -22.474     -11.550      -4.320       2.349
etaU[94]           -12.449     12.387     -46.998     -17.470      -9.499      -3.671       3.138
etaU[95]           -14.087     14.270     -49.155     -20.966     -10.062      -3.617       2.869
etaU[96]           -19.044     22.276     -79.921     -25.718     -10.901      -3.737       3.287
etaU[97]           -15.756     18.411     -80.217     -21.127     -10.521      -3.725       2.980
etaU[98]            11.820      0.409      11.104      11.535      11.792      12.059      12.723
etaU[99]           -15.251     14.908     -52.255     -23.354     -10.628      -3.735       2.816
etaU[100]          -11.270     12.230     -45.480     -15.971      -7.834      -2.615       3.110
etaU[101]          -16.748     19.034     -69.593     -21.673     -10.300      -4.098       2.701
etaU[102]           10.008      0.416       9.277       9.712       9.975      10.280      10.864
etaU[103]          -19.406     24.565     -91.144     -22.029     -10.211      -4.043       2.729
etaU[104]          -11.307     10.247     -37.191     -16.804      -9.403      -3.482       2.844
etaU[105]          -13.571     13.390     -50.682     -18.813     -10.021      -4.278       2.933
etaU[106]          -23.130     26.974    -103.143     -30.052     -12.854      -5.248       2.506
etaU[107]          -17.477     17.982     -65.105     -26.160     -11.490      -4.336       2.624
etaU[108]          -13.395     13.543     -50.374     -19.398      -9.420      -3.789       3.060
etaU[109]            9.391      0.064       9.267       9.347       9.391       9.434       9.519
etaU[110]            9.210      0.055       9.106       9.173       9.210       9.246       9.321
etaU[111]          -19.721     22.096     -81.297     -26.008     -11.761      -4.541       2.619
etaU[112]          -15.439     22.514     -94.728     -17.905      -8.439      -2.727       3.299
etaU[113]          -16.471     18.532     -68.834     -20.545     -10.684      -4.211       2.690
etaU[114]          -12.156     12.116     -42.692     -17.607      -9.279      -3.635       2.947
etaU[115]            9.327      0.062       9.208       9.284       9.325       9.368       9.450
etaU[116]          -18.127     23.542     -97.474     -23.230     -10.371      -3.914       2.982
etaU[117]          -14.409     15.415     -61.595     -19.518     -10.267      -3.879       2.469
etaU[118]          -12.441     12.534     -49.250     -17.432      -9.421      -3.878       2.548
etaU[119]            9.713      0.229       9.298       9.553       9.702       9.852      10.195
etaU[120]          -13.107     13.255     -45.329     -20.140      -9.178      -3.197       2.922
etaU[121]           10.733      0.267      10.262      10.542      10.716      10.906      11.287
etaU[122]          -12.555     11.979     -44.431     -18.647      -9.430      -3.650       2.577
etaU[123]            9.294      0.208       8.906       9.149       9.285       9.431       9.726
etaU[124]          -13.951     13.305     -47.660     -20.701     -10.370      -4.098       2.782
etaU[125]          -15.521     18.040     -70.808     -20.260      -9.809      -3.974       2.962
etaU[126]          -17.066     18.115     -65.086     -23.670     -10.648      -4.350       2.278
etaU[127]          -22.779     26.647    -103.025     -32.008     -12.806      -4.465       2.584
etaU[128]          -16.132     14.753     -54.546     -24.762     -12.010      -5.063       2.056
etaU[129]          -14.338     13.949     -52.370     -20.438     -10.222      -4.352       2.276
etaU[130]          -13.045     14.473     -56.717     -17.914      -9.239      -3.505       3.172
etaU[131]          -18.344     21.019     -79.744     -24.305     -10.788      -4.262       2.243
etaU[132]          -14.316     16.197     -62.243     -19.728      -9.988      -3.436       3.405
etaU[133]          -12.169     12.414     -45.453     -18.158      -8.548      -3.253       3.070
etaU[134]            8.582      0.054       8.478       8.546       8.580       8.618       8.692
etaU[135]          -17.142     17.222     -56.675     -26.157     -10.792      -4.189       2.545
etaU[136]          -13.810     13.957     -49.596     -21.387      -9.690      -3.404       3.029
etaU[137]          -13.592     13.376     -47.926     -19.483     -10.106      -3.857       3.002
etaU[138]            9.197      0.091       9.023       9.134       9.197       9.256       9.380
etaU[139]          -19.233     20.561     -73.725     -27.648     -11.713      -4.462       2.576
etaU[140]          -17.161     18.001     -63.235     -24.314     -10.796      -4.537       2.649
etaU[141]            8.220      0.135       7.958       8.128       8.219       8.311       8.487
etaU[142]          -12.135     12.400     -43.032     -17.885      -8.485      -3.200       3.207
etaU[143]            9.760      0.207       9.376       9.617       9.750       9.894      10.180
etaU[144]          -12.571     13.144     -47.062     -17.319      -9.016      -3.030       3.024
etaU[145]            7.034      0.248       6.556       6.864       7.033       7.200       7.533
etaU[146]          -14.671     16.553     -65.424     -21.115      -9.888      -3.132       3.545
etaU[147]            6.721      0.242       6.259       6.558       6.718       6.885       7.199
etaU[148]          -12.759     12.352     -42.766     -19.453      -9.525      -3.554       3.519
etaU[149]          -16.231     18.808     -70.308     -22.761      -9.695      -3.116       3.152
etaU[150]          -13.229     12.360     -43.248     -19.704      -9.738      -3.891       2.496
etaU[151]          -13.935     13.857     -50.020     -19.642     -10.296      -3.840       2.883
etaU[152]          -17.677     19.420     -68.019     -25.510     -10.476      -3.865       2.617
etaU[153]          -17.828     25.722     -99.477     -20.216      -8.210      -2.730       3.821
etaU[154]            9.613      0.102       9.421       9.543       9.613       9.681       9.817
etaU[155]          -14.171     13.831     -49.724     -20.394     -10.376      -3.878       2.607
etaU[156]           10.116      0.163       9.806      10.005      10.112      10.220      10.445
etaU[157]          -17.201     17.375     -58.860     -26.710     -11.297      -4.228       3.309
etaU[158]            8.924      0.099       8.732       8.857       8.925       8.990       9.122
etaU[159]          -17.774     21.278     -74.344     -24.034      -9.995      -3.797       2.628
etaU[160]            7.705      0.081       7.546       7.649       7.704       7.760       7.867
etaU[161]          -16.911     20.522     -76.532     -22.786      -9.554      -3.341       3.561
etaU[162]            8.405      0.078       8.256       8.351       8.404       8.457       8.558
etaU[163]          -17.768     21.531     -83.942     -23.289      -9.845      -3.465       3.161
etaU[164]            8.716      0.089       8.544       8.653       8.715       8.776       8.894
etaU[165]          -11.608     12.832     -48.065     -16.079      -7.953      -2.990       3.048
etaU[166]          -16.597     18.900     -60.881     -25.692      -9.175      -2.919       3.258
etaU[167]          -19.737     25.301    -104.227     -24.334     -11.195      -4.068       2.847
etaU[168]          -13.928     14.419     -49.524     -20.479      -9.299      -3.513       3.466
etaU[169]          -10.860     11.051     -41.033     -15.778      -8.301      -2.813       2.890
etaU[170]          -16.579     19.061     -67.326     -25.078      -9.306      -3.238       3.529
etaU[171]          -13.791     15.277     -53.563     -20.784      -8.695      -2.941       3.920
etaU[172]            9.315      0.114       9.103       9.236       9.312       9.393       9.540
etaU[173]          -12.235     12.037     -42.104     -18.429      -9.174      -3.256       3.502
etaU[174]          -14.021     15.506     -53.117     -19.541      -9.582      -3.257       3.289
etaU[175]          -13.823     15.235     -57.066     -19.264      -8.990      -3.229       3.399
etaU[176]          -13.261     16.096     -57.111     -18.027      -8.183      -2.478       3.906
etaU[177]          -14.727     18.532     -69.627     -18.624      -8.187      -2.815       3.585
etaU[178]           11.453      0.377      10.782      11.194      11.426      11.695      12.262
etaU[179]          -21.062     25.325     -83.746     -29.849     -10.370      -3.364       3.441
etaU[180]          -11.559     12.837     -49.363     -16.639      -7.647      -2.623       3.498
etaU[181]           10.540      0.376       9.844      10.280      10.521      10.783      11.322
etaU[182]          -14.593     15.206     -53.839     -21.618     -10.003      -3.325       3.368
etaU[183]            9.246      0.348       8.616       9.004       9.228       9.475       9.956
etaU[184]          -12.665     14.035     -48.200     -18.770      -7.861      -2.514       3.683
etaU[185]          -15.474     16.280     -58.118     -22.361     -10.539      -3.495       3.662
etaU[186]          -11.927     12.552     -43.691     -18.036      -8.599      -2.631       3.752
etaU[187]          -11.012     11.899     -42.443     -16.540      -7.561      -2.410       3.754
etaU[188]          -15.444     16.921     -57.479     -22.613      -9.592      -3.034       3.799
etaU[189]          -10.950     11.059     -38.888     -17.280      -8.112      -2.706       3.382
etaU[190]          -11.014     11.763     -41.479     -16.541      -7.856      -2.603       4.135
etaU[191]          -24.155     29.549    -104.759     -38.209     -10.515      -3.289       3.570
etaU[192]            9.767      0.120       9.536       9.686       9.768       9.847      10.000
etaU[193]          -16.471     21.593     -81.443     -23.025      -7.802      -2.323       3.865
etaU[194]          -11.947     14.138     -55.353     -16.820      -7.831      -2.480       3.696
etaU[195]          -15.520     18.890     -68.862     -20.822      -8.227      -2.790       3.790
etaU[196]          -14.687     17.042     -58.873     -21.858      -8.552      -2.490       3.944
etaU[197]          -16.219     26.204    -122.577     -18.161      -7.723      -2.223       4.234
etaU[198]           10.173      0.122       9.947      10.090      10.168      10.253      10.420
etaU[199]          -11.316     13.608     -52.522     -15.981      -7.494      -2.151       4.029
etaU[200]           10.760      0.258      10.281      10.576      10.757      10.932      11.290
etaU[201]          -14.959     19.281     -69.061     -19.744      -7.948      -2.240       3.946
etaU[202]          -15.725     18.879     -68.692     -20.964      -8.792      -2.757       3.861
etaU[203]            9.553      0.267       9.062       9.363       9.543       9.725      10.118
etaU[204]            9.460      0.204       9.078       9.319       9.454       9.590       9.881
etaU[205]          -13.982     16.575     -60.052     -21.011      -8.340      -2.207       4.053
etaU[206]            9.210      0.222       8.797       9.055       9.202       9.355       9.659
etaU[207]          -11.555     14.523     -59.822     -16.324      -7.310      -1.975       4.302
etaU[208]            7.777      0.207       7.383       7.639       7.773       7.915       8.197
logUne[1]           12.616      4.004       5.756       8.198      14.152      15.523      18.303
logUne[2]           12.254      3.839       5.719       7.967      13.734      15.055      17.641
logUne[3]           11.950      3.709       5.708       7.761      13.425      14.668      17.090
logUne[4]           11.689      3.603       5.655       7.594      13.126      14.322      16.611
logUne[5]           11.459      3.514       5.601       7.482      12.889      14.041      16.264
logUne[6]           11.248      3.436       5.527       7.420      12.646      13.763      16.004
logUne[7]           11.049      3.365       5.449       7.357      12.390      13.510      15.762
logUne[8]           10.857      3.300       5.392       7.268      12.137      13.297      15.566
logUne[9]           10.665      3.238       5.324       7.198      11.892      13.096      15.354
logUne[10]          10.470      3.177       5.249       7.129      11.659      12.882      15.157
logUne[11]          10.271      3.118       5.167       7.042      11.409      12.696      14.934
logUne[12]          10.069      3.061       5.079       6.966      11.140      12.509      14.709
logUne[13]           9.865      3.007       4.981       6.888      10.862      12.331      14.479
logUne[14]           9.661      2.955       4.881       6.794      10.561      12.162      14.220
logUne[15]           9.456      2.906       4.781       6.668      10.268      11.983      13.959
logUne[16]           9.250      2.860       4.669       6.507       9.952      11.797      13.704
logUne[17]           9.044      2.817       4.567       6.359       9.658      11.617      13.448
logUne[18]           8.838      2.777       4.471       6.193       9.370      11.417      13.189
logUne[19]           8.631      2.739       4.389       6.025       9.070      11.216      12.961
logUne[20]           8.423      2.703       4.297       5.838       8.782      11.002      12.701
logUne[21]           8.215      2.669       4.206       5.632       8.496      10.791      12.470
logUne[22]           8.006      2.636       4.121       5.426       8.210      10.573      12.227
logUne[23]           7.796      2.605       4.023       5.257       7.910      10.338      11.981
logUne[24]           7.585      2.576       3.866       5.094       7.602      10.096      11.741
logUne[25]           7.373      2.547       3.706       4.904       7.295       9.863      11.554
logUne[26]           7.161      2.521       3.531       4.752       6.983       9.641      11.351
logUne[27]           6.949      2.495       3.373       4.605       6.684       9.407      11.148
logUne[28]           6.737      2.471       3.206       4.438       6.377       9.187      10.915
logUne[29]           6.524      2.447       3.021       4.280       6.076       8.970      10.726
logUne[30]           6.311      2.424       2.857       4.127       5.790       8.752      10.504
logUne[31]           6.099      2.402       2.642       3.979       5.513       8.527      10.237
logUne[32]           5.887      2.379       2.405       3.825       5.236       8.323       9.969
logUne[33]           5.675      2.358       2.157       3.676       4.971       8.114       9.702
logUne[34]           5.464      2.336       1.950       3.539       4.692       7.909       9.434
logUne[35]           5.255      2.314       1.729       3.408       4.421       7.709       9.163
logUne[36]           5.046      2.292       1.551       3.268       4.205       7.524       8.870
logUne[37]           4.838      2.269       1.376       3.105       4.016       7.329       8.581
logUne[38]           4.631      2.245       1.238       2.939       3.801       7.107       8.312
logUne[39]           4.425      2.218       1.094       2.772       3.597       6.891       8.074
logUne[40]           4.222      2.190       0.917       2.610       3.384       6.679       7.825
logUne[41]           4.020      2.159       0.766       2.456       3.181       6.465       7.550
logUne[42]           3.820      2.125       0.612       2.301       3.025       6.242       7.259
logUne[43]           3.623      2.088       0.459       2.133       2.871       6.009       6.978
logUne[44]           3.428      2.047       0.314       1.957       2.705       5.790       6.738
logUne[45]           3.237      2.003       0.201       1.811       2.549       5.562       6.529
logUne[46]           3.049      1.955       0.039       1.660       2.402       5.309       6.315
logUne[47]           2.865      1.904      -0.135       1.501       2.246       5.025       6.114
logUne[48]           2.685      1.850      -0.272       1.343       2.096       4.736       5.881
logUne[49]           2.510      1.793      -0.411       1.217       1.947       4.440       5.669
logUne[50]           2.338      1.734      -0.478       1.119       1.808       4.122       5.477
logUne[51]           2.172      1.674      -0.538       1.036       1.672       3.818       5.210
logUne[52]           2.009      1.613      -0.600       0.964       1.540       3.490       4.925
logUne[53]           1.851      1.551      -0.677       0.870       1.410       3.178       4.657
logUne[54]           1.696      1.491      -0.714       0.761       1.301       2.889       4.477
logUne[55]           1.546      1.432      -0.809       0.661       1.213       2.588       4.288
logUne[56]           1.399      1.377      -0.916       0.552       1.141       2.302       4.096
logUne[57]           1.255      1.324      -1.022       0.456       1.055       2.022       3.904
logUne[58]           1.115      1.276      -1.126       0.334       0.976       1.823       3.701
logUne[59]           0.978      1.234      -1.205       0.215       0.887       1.666       3.475
logUne[60]           0.844      1.200      -1.285       0.073       0.789       1.548       3.302
logUne[61]           0.713      1.172      -1.381      -0.057       0.691       1.439       3.099
logUne[62]           0.585      1.153      -1.490      -0.207       0.588       1.355       2.875
logUne[63]           0.461      1.143      -1.629      -0.353       0.467       1.269       2.641
logUne[64]           0.340      1.141      -1.772      -0.550       0.357       1.196       2.460
logUne[65]           0.222      1.147      -1.902      -0.701       0.237       1.130       2.352
logUne[66]           0.108      1.159      -2.025      -0.873       0.136       1.071       2.213
logUne[67]          -0.002      1.177      -2.110      -1.005       0.039       1.017       2.059
logUne[68]          -0.109      1.200      -2.207      -1.145      -0.064       0.917       1.925
logUne[69]          -0.210      1.226      -2.309      -1.296      -0.153       0.811       1.827
logUne[70]          -0.308      1.254      -2.454      -1.445      -0.219       0.717       1.767
logUne[71]          -0.401      1.284      -2.621      -1.576      -0.287       0.598       1.771
logUne[72]          -0.489      1.313      -2.813      -1.692      -0.360       0.477       1.764
logUne[73]          -0.572      1.343      -2.975      -1.789      -0.434       0.349       1.785
logUne[74]          -0.650      1.372      -3.123      -1.873      -0.539       0.277       1.815
logUne[75]          -0.724      1.399      -3.262      -1.944      -0.634       0.194       1.822
logUne[76]          -0.792      1.426      -3.401      -2.010      -0.730       0.114       1.831
logUne[77]          -0.857      1.452      -3.506      -2.062      -0.806       0.058       1.807
logUne[78]          -0.917      1.476      -3.593      -2.122      -0.876       0.014       1.807
logUne[79]          -0.973      1.500      -3.673      -2.178      -0.940      -0.030       1.784
logUne[80]          -1.025      1.522      -3.744      -2.240      -0.985      -0.067       1.784
logUne[81]          -1.073      1.542      -3.822      -2.292      -1.055      -0.103       1.805
logUne[82]          -1.118      1.561      -3.866      -2.361      -1.135      -0.118       1.807
logUne[83]          -1.158      1.578      -3.912      -2.423      -1.208      -0.113       1.815
logUne[84]          -1.195      1.592      -3.930      -2.473      -1.260      -0.097       1.804
logUne[85]          -1.228      1.605      -3.930      -2.515      -1.328      -0.098       1.803
logUne[86]          -1.258      1.614      -3.918      -2.577      -1.376      -0.070       1.802
logUne[87]          -1.285      1.620      -3.896      -2.629      -1.421      -0.073       1.792
logUne[88]          -1.309      1.624      -3.858      -2.684      -1.477      -0.118       1.773
logUne[89]          -1.330      1.624      -3.777      -2.730      -1.531      -0.156       1.762
logUne[90]          -1.348      1.622      -3.690      -2.764      -1.588      -0.178       1.745
logUne[91]          -1.364      1.617      -3.663      -2.757      -1.620      -0.194       1.741
logUne[92]          -1.378      1.609      -3.632      -2.755      -1.658      -0.215       1.715
logUne[93]          -1.389      1.600      -3.632      -2.746      -1.664      -0.240       1.702
logUne[94]          -1.398      1.588      -3.637      -2.734      -1.658      -0.289       1.706
logUne[95]          -1.404      1.575      -3.633      -2.708      -1.671      -0.344       1.710
logUne[96]          -1.409      1.561      -3.638      -2.671      -1.657      -0.381       1.708
logUne[97]          -1.411      1.546      -3.642      -2.637      -1.654      -0.438       1.711
logUne[98]          -1.411      1.532      -3.642      -2.669      -1.645      -0.491       1.707
logUne[99]          -1.409      1.518      -3.637      -2.679      -1.608      -0.527       1.703
logUne[100]         -1.404      1.506      -3.624      -2.670      -1.559      -0.540       1.688
logUne[101]         -1.397      1.496      -3.609      -2.653      -1.509      -0.473       1.671
logUne[102]         -1.387      1.487      -3.587      -2.626      -1.502      -0.417       1.648
logUne[103]         -1.375      1.482      -3.578      -2.595      -1.506      -0.338       1.625
logUne[104]         -1.360      1.479      -3.586      -2.559      -1.508      -0.278       1.608
logUne[105]         -1.342      1.479      -3.588      -2.508      -1.515      -0.254       1.572
logUne[106]         -1.322      1.483      -3.592      -2.451      -1.518      -0.210       1.546
logUne[107]         -1.299      1.490      -3.609      -2.379      -1.519      -0.118       1.529
logUne[108]         -1.274      1.500      -3.619      -2.330      -1.522      -0.042       1.525
logUne[109]         -1.246      1.513      -3.640      -2.273      -1.513      -0.011       1.537
logUne[110]         -1.216      1.528      -3.653      -2.223      -1.488       0.016       1.676
logUne[111]         -1.184      1.546      -3.686      -2.165      -1.449       0.017       1.781
logUne[112]         -1.151      1.567      -3.710      -2.122      -1.382       0.008       1.908
logUne[113]         -1.115      1.589      -3.722      -2.131      -1.307       0.010       2.082
logUne[114]         -1.078      1.612      -3.751      -2.168      -1.213       0.043       2.285
logUne[115]         -1.039      1.636      -3.796      -2.210      -1.111       0.086       2.499
logUne[116]         -0.999      1.661      -3.844      -2.250      -0.974       0.110       2.677
logUne[117]         -0.957      1.687      -3.865      -2.270      -0.825       0.130       2.878
logUne[118]         -0.913      1.713      -3.889      -2.306      -0.698       0.168       3.010
logUne[119]         -0.868      1.738      -3.945      -2.331      -0.613       0.222       3.133
logUne[120]         -0.822      1.764      -3.940      -2.332      -0.544       0.284       3.237
logUne[121]         -0.774      1.789      -3.929      -2.329      -0.495       0.363       3.322
logUne[122]         -0.725      1.813      -3.936      -2.306      -0.469       0.445       3.430
logUne[123]         -0.674      1.837      -3.955      -2.282      -0.492       0.543       3.515
logUne[124]         -0.621      1.861      -3.940      -2.253      -0.505       0.662       3.578
logUne[125]         -0.567      1.885      -3.887      -2.218      -0.513       0.800       3.644
logUne[126]         -0.510      1.909      -3.805      -2.180      -0.542       0.935       3.738
logUne[127]         -0.452      1.933      -3.716      -2.154      -0.579       1.054       3.811
logUne[128]         -0.391      1.958      -3.617      -2.112      -0.591       1.172       3.879
logUne[129]         -0.328      1.982      -3.494      -2.065      -0.582       1.297       3.950
logUne[130]         -0.264      2.008      -3.361      -2.018      -0.578       1.450       4.001
logUne[131]         -0.198      2.033      -3.197      -1.984      -0.569       1.623       4.024
logUne[132]         -0.131      2.058      -3.063      -1.944      -0.560       1.765       4.011
logUne[133]         -0.063      2.082      -2.953      -1.909      -0.545       1.901       3.994
logUne[134]          0.006      2.105      -2.851      -1.864      -0.519       2.055       3.979
logUne[135]          0.076      2.127      -2.754      -1.821      -0.476       2.194       4.038
logUne[136]          0.145      2.148      -2.669      -1.767      -0.427       2.315       4.130
logUne[137]          0.215      2.169      -2.588      -1.706      -0.374       2.439       4.170
logUne[138]          0.284      2.187      -2.525      -1.655      -0.342       2.567       4.222
logUne[139]          0.352      2.205      -2.438      -1.596      -0.303       2.662       4.343
logUne[140]          0.419      2.221      -2.328      -1.536      -0.266       2.770       4.451
logUne[141]          0.485      2.235      -2.242      -1.466      -0.232       2.870       4.529
logUne[142]          0.550      2.248      -2.192      -1.397      -0.204       2.967       4.648
logUne[143]          0.613      2.258      -2.133      -1.340      -0.166       3.036       4.755
logUne[144]          0.675      2.266      -2.085      -1.264      -0.143       3.085       4.897
logUne[145]          0.735      2.271      -2.035      -1.191      -0.118       3.101       5.021
logUne[146]          0.793      2.273      -1.981      -1.130      -0.088       3.113       5.165
logUne[147]          0.849      2.272      -1.926      -1.070      -0.046       3.127       5.325
logUne[148]          0.902      2.268      -1.856      -1.022       0.014       3.131       5.431
logUne[149]          0.954      2.260      -1.786      -0.966       0.107       3.131       5.565
logUne[150]          1.003      2.248      -1.732      -0.915       0.183       3.128       5.647
logUne[151]          1.050      2.233      -1.689      -0.853       0.269       3.126       5.709
logUne[152]          1.094      2.214      -1.640      -0.803       0.351       3.123       5.742
logUne[153]          1.136      2.191      -1.587      -0.753       0.437       3.129       5.752
logUne[154]          1.176      2.165      -1.528      -0.695       0.511       3.105       5.719
logUne[155]          1.213      2.135      -1.475      -0.630       0.589       3.028       5.671
logUne[156]          1.247      2.103      -1.425      -0.562       0.671       2.958       5.615
logUne[157]          1.279      2.067      -1.351      -0.479       0.746       2.892       5.570
logUne[158]          1.308      2.027      -1.276      -0.396       0.834       2.822       5.523
logUne[159]          1.334      1.985      -1.211      -0.311       0.903       2.757       5.490
logUne[160]          1.358      1.940      -1.138      -0.230       0.951       2.698       5.437
logUne[161]          1.379      1.892      -1.063      -0.172       1.005       2.643       5.387
logUne[162]          1.398      1.842      -0.995      -0.124       1.066       2.591       5.337
logUne[163]          1.415      1.789      -0.930      -0.076       1.116       2.563       5.314
logUne[164]          1.430      1.736      -0.855      -0.014       1.141       2.556       5.287
logUne[165]          1.444      1.682      -0.784       0.047       1.168       2.553       5.242
logUne[166]          1.456      1.627      -0.731       0.107       1.208       2.538       5.192
logUne[167]          1.467      1.574      -0.696       0.158       1.254       2.532       5.107
logUne[168]          1.478      1.523      -0.689       0.209       1.307       2.511       5.039
logUne[169]          1.488      1.474      -0.701       0.262       1.352       2.492       4.951
logUne[170]          1.498      1.428      -0.702       0.336       1.424       2.471       4.834
logUne[171]          1.507      1.387      -0.730       0.392       1.483       2.449       4.717
logUne[172]          1.517      1.351      -0.745       0.444       1.551       2.409       4.588
logUne[173]          1.528      1.321      -0.763       0.489       1.585       2.350       4.439
logUne[174]          1.539      1.299      -0.749       0.536       1.617       2.339       4.286
logUne[175]          1.551      1.284      -0.732       0.590       1.634       2.379       4.131
logUne[176]          1.564      1.278      -0.713       0.629       1.634       2.462       3.994
logUne[177]          1.579      1.281      -0.687       0.638       1.636       2.544       3.966
logUne[178]          1.594      1.292      -0.661       0.646       1.629       2.602       3.966
logUne[179]          1.611      1.311      -0.632       0.629       1.599       2.666       4.014
logUne[180]          1.629      1.339      -0.589       0.614       1.539       2.760       4.107
logUne[181]          1.648      1.374      -0.546       0.585       1.459       2.831       4.239
logUne[182]          1.668      1.416      -0.534       0.596       1.401       2.814       4.371
logUne[183]          1.689      1.465      -0.559       0.623       1.354       2.830       4.501
logUne[184]          1.712      1.518      -0.570       0.604       1.350       2.904       4.650
logUne[185]          1.736      1.576      -0.615       0.581       1.329       2.999       4.819
logUne[186]          1.762      1.639      -0.629       0.578       1.312       3.120       4.974
logUne[187]          1.790      1.705      -0.655       0.537       1.295       3.245       5.139
logUne[188]          1.819      1.775      -0.672       0.512       1.263       3.358       5.319
logUne[189]          1.850      1.849      -0.693       0.475       1.215       3.466       5.500
logUne[190]          1.883      1.927      -0.747       0.435       1.187       3.576       5.697
logUne[191]          1.919      2.008      -0.731       0.396       1.166       3.684       5.913
logUne[192]          1.957      2.093      -0.759       0.331       1.183       3.794       6.131
logUne[193]          1.997      2.182      -0.784       0.249       1.237       3.911       6.355
logUne[194]          2.039      2.274      -0.809       0.191       1.292       4.009       6.555
logUne[195]          2.083      2.369      -0.883       0.114       1.331       4.113       6.762
logUne[196]          2.130      2.468      -0.964       0.059       1.370       4.222       6.988
logUne[197]          2.180      2.569      -1.121       0.029       1.402       4.332       7.204
logUne[198]          2.232      2.674      -1.295       0.007       1.433       4.438       7.422
logUne[199]          2.286      2.782      -1.471       0.061       1.467       4.560       7.629
logUne[200]          2.342      2.893      -1.692       0.154       1.531       4.679       7.834
logUne[201]          2.400      3.007      -1.905       0.252       1.601       4.798       8.057
logUne[202]          2.460      3.126      -2.107       0.338       1.672       4.939       8.302
logUne[203]          2.523      3.253      -2.360       0.429       1.747       5.099       8.564
logUne[204]          2.591      3.391      -2.677       0.500       1.816       5.239       8.856
logUne[205]          2.666      3.548      -3.015       0.540       1.915       5.407       9.178
logUne[206]          2.750      3.730      -3.404       0.614       2.073       5.595       9.582
logUne[207]          2.852      3.959      -3.883       0.585       2.254       5.832      10.078
logUne[208]          2.981      4.263      -4.479       0.479       2.508       6.164      10.731
logitP[1]           -1.037      0.117      -1.269      -1.115      -1.034      -0.957      -0.811
logitP[2]           -1.269      0.082      -1.427      -1.326      -1.270      -1.212      -1.112
logitP[3]           -1.516      0.100      -1.708      -1.583      -1.518      -1.448      -1.320
logitP[4]           -1.694      0.104      -1.904      -1.762      -1.692      -1.625      -1.497
logitP[5]           -0.656      0.034      -0.723      -0.679      -0.656      -0.632      -0.591
logitP[6]           -1.146      0.037      -1.221      -1.171      -1.146      -1.121      -1.074
logitP[7]           -1.024      0.051      -1.122      -1.059      -1.024      -0.989      -0.922
logitP[8]           -1.831      0.065      -1.963      -1.874      -1.830      -1.788      -1.706
logitP[9]           -1.379      0.059      -1.498      -1.418      -1.377      -1.340      -1.268
logitP[10]          -1.153      0.074      -1.298      -1.202      -1.154      -1.103      -1.008
logitP[11]          -2.032      3.348      -8.864      -4.279      -1.976       0.251       4.352
logitP[12]          -2.017      3.291      -8.965      -4.177      -1.892       0.145       4.303
logitP[13]          -2.041      3.356      -8.884      -4.304      -2.063       0.192       4.513
logitP[14]          -1.331      0.094      -1.517      -1.394      -1.327      -1.267      -1.150
logitP[15]          -3.001      0.151      -3.319      -3.098      -2.995      -2.901      -2.715
logitP[16]          -2.014      3.332      -8.851      -4.278      -1.969       0.224       4.335
logitP[17]          -1.241      0.075      -1.390      -1.291      -1.241      -1.192      -1.093
logitP[18]          -0.947      0.071      -1.086      -0.994      -0.947      -0.900      -0.804
logitP[19]          -1.983      3.289      -8.656      -4.112      -1.965       0.294       4.397
logitP[20]          -2.042      3.265      -8.708      -4.168      -2.032       0.127       4.369
logitP[21]          -1.905      3.261      -8.601      -4.061      -1.847       0.262       4.581
logitP[22]          -2.012      3.248      -8.712      -4.215      -1.950       0.209       4.202
logitP[23]          -1.271      0.104      -1.488      -1.341      -1.268      -1.199      -1.077
logitP[24]          -1.471      0.049      -1.568      -1.503      -1.470      -1.438      -1.380
logitP[25]          -1.520      0.048      -1.613      -1.553      -1.520      -1.489      -1.427
logitP[26]          -1.443      0.046      -1.534      -1.473      -1.443      -1.412      -1.356
logitP[27]          -1.171      0.043      -1.257      -1.199      -1.172      -1.143      -1.086
logitP[28]          -1.137      0.043      -1.222      -1.166      -1.136      -1.107      -1.051
logitP[29]          -1.832      0.185      -2.205      -1.953      -1.825      -1.704      -1.485
logitP[30]          -1.919      3.302      -8.664      -4.073      -1.856       0.327       4.259
logitP[31]          -1.831      3.255      -8.482      -4.048      -1.822       0.302       4.578
logitP[32]          -1.221      0.073      -1.363      -1.271      -1.222      -1.172      -1.081
logitP[33]          -1.903      3.262      -8.670      -4.035      -1.878       0.325       4.418
logitP[34]          -2.465      0.119      -2.702      -2.541      -2.464      -2.383      -2.235
logitP[35]          -1.751      3.204      -8.177      -3.973      -1.719       0.449       4.576
logitP[36]          -1.926      3.175      -8.539      -4.011      -1.799       0.214       4.228
logitP[37]          -2.504      0.120      -2.745      -2.581      -2.501      -2.423      -2.272
logitP[38]          -1.860      3.228      -8.551      -3.998      -1.852       0.334       4.322
logitP[39]          -2.490      0.123      -2.735      -2.573      -2.488      -2.407      -2.254
logitP[40]          -1.742      3.207      -8.196      -3.893      -1.758       0.390       4.599
logitP[41]          -1.802      3.247      -8.325      -3.992      -1.779       0.414       4.470
logitP[42]          -1.941      3.162      -8.473      -4.009      -1.905       0.173       4.260
logitP[43]          -1.799      3.223      -8.205      -3.913      -1.820       0.343       4.568
logitP[44]          -1.787      3.244      -8.403      -3.945      -1.710       0.411       4.455
logitP[45]          -1.851      3.203      -8.469      -3.990      -1.785       0.297       4.264
logitP[46]          -2.823      0.183      -3.207      -2.940      -2.817      -2.697      -2.480
logitP[47]          -3.256      0.130      -3.521      -3.341      -3.253      -3.169      -3.008
logitP[48]          -1.728      3.244      -8.594      -3.855      -1.680       0.435       4.591
logitP[49]          -1.729      3.165      -8.260      -3.812      -1.645       0.451       4.377
logitP[50]          -3.599      0.126      -3.840      -3.688      -3.598      -3.513      -3.358
logitP[51]          -1.752      3.217      -8.341      -3.871      -1.686       0.438       4.460
logitP[52]          -1.817      3.219      -8.370      -3.930      -1.770       0.328       4.389
logitP[53]          -1.772      3.158      -8.207      -3.840      -1.770       0.367       4.333
logitP[54]          -1.769      3.232      -8.345      -3.875      -1.780       0.405       4.618
logitP[55]          -1.685      3.190      -8.233      -3.831      -1.584       0.450       4.553
logitP[56]          -4.558      0.315      -5.225      -4.762      -4.540      -4.335      -3.992
logitP[57]          -1.747      3.308      -8.464      -3.956      -1.736       0.471       4.613
logitP[58]          -1.757      3.158      -8.119      -3.910      -1.723       0.397       4.354
logitP[59]          -3.854      0.220      -4.304      -4.001      -3.844      -3.701      -3.448
logitP[60]          -1.758      3.222      -8.184      -3.862      -1.738       0.422       4.560
logitP[61]          -1.769      3.183      -8.425      -3.862      -1.710       0.401       4.402
logitP[62]          -1.736      3.257      -8.338      -3.882      -1.738       0.495       4.500
logitP[63]          -5.005      0.386      -5.810      -5.248      -4.985      -4.734      -4.315
logitP[64]          -1.715      3.179      -7.915      -3.865      -1.699       0.367       4.630
logitP[65]          -4.068      0.254      -4.591      -4.232      -4.059      -3.888      -3.607
logitP[66]          -1.782      3.242      -8.640      -3.928      -1.707       0.376       4.668
logitP[67]          -1.734      3.228      -8.234      -3.869      -1.686       0.375       4.569
logitP[68]          -1.686      3.238      -8.258      -3.877      -1.676       0.570       4.516
logitP[69]          -1.802      3.223      -8.300      -3.992      -1.823       0.414       4.440
logitP[70]          -1.773      3.198      -8.285      -3.909      -1.688       0.271       4.534
logitP[71]          -2.255      0.102      -2.454      -2.323      -2.257      -2.185      -2.056
logitP[72]          -1.718      3.203      -8.162      -3.827      -1.666       0.434       4.541
logitP[73]          -2.423      0.079      -2.580      -2.476      -2.422      -2.370      -2.274
logitP[74]          -1.704      3.258      -8.515      -3.828      -1.668       0.561       4.544
logitP[75]          -1.729      3.217      -8.275      -3.893      -1.660       0.404       4.542
logitP[76]          -1.739      3.284      -8.243      -3.964      -1.792       0.468       4.831
logitP[77]          -1.781      3.254      -8.309      -3.999      -1.742       0.486       4.433
logitP[78]          -2.249      0.104      -2.457      -2.319      -2.249      -2.175      -2.053
logitP[79]          -1.717      3.178      -8.250      -3.824      -1.655       0.423       4.336
logitP[80]          -1.735      3.236      -8.028      -3.875      -1.837       0.410       4.752
logitP[81]          -1.671      3.214      -8.152      -3.771      -1.641       0.430       4.699
logitP[82]          -1.706      3.215      -8.052      -3.864      -1.697       0.442       4.512
logitP[83]          -1.695      3.194      -8.098      -3.794      -1.661       0.495       4.404
logitP[84]          -3.383      0.190      -3.769      -3.506      -3.375      -3.249      -3.033
logitP[85]          -1.735      3.190      -8.042      -3.945      -1.684       0.399       4.544
logitP[86]          -1.704      3.170      -8.016      -3.785      -1.717       0.415       4.518
logitP[87]          -1.757      3.155      -8.124      -3.856      -1.781       0.341       4.490
logitP[88]          -1.721      3.197      -8.318      -3.914      -1.650       0.424       4.500
logitP[89]          -1.671      3.213      -8.205      -3.749      -1.657       0.506       4.433
logitP[90]          -1.707      3.212      -8.376      -3.823      -1.703       0.479       4.535
logitP[91]          -1.723      3.209      -8.242      -3.892      -1.777       0.458       4.635
logitP[92]          -1.730      3.235      -8.298      -3.867      -1.686       0.474       4.359
logitP[93]          -1.678      3.189      -8.058      -3.793      -1.622       0.402       4.627
logitP[94]          -1.682      3.176      -8.221      -3.838      -1.673       0.543       4.457
logitP[95]          -1.779      3.249      -8.440      -3.895      -1.706       0.427       4.354
logitP[96]          -1.723      3.192      -8.221      -3.810      -1.704       0.405       4.498
logitP[97]          -1.686      3.221      -8.007      -3.825      -1.680       0.471       4.646
logitP[98]          -4.580      0.412      -5.484      -4.824      -4.553      -4.293      -3.855
logitP[99]          -1.616      3.249      -8.113      -3.743      -1.588       0.616       4.767
logitP[100]         -1.583      3.156      -8.225      -3.565      -1.527       0.469       4.522
logitP[101]         -1.697      3.268      -8.202      -3.830      -1.690       0.454       4.835
logitP[102]         -5.385      0.404      -6.224      -5.650      -5.361      -5.098      -4.673
logitP[103]         -1.679      3.251      -8.328      -3.884      -1.605       0.506       4.653
logitP[104]         -1.662      3.183      -8.077      -3.815      -1.631       0.512       4.473
logitP[105]         -1.669      3.208      -8.263      -3.781      -1.656       0.503       4.513
logitP[106]         -1.709      3.244      -8.368      -3.855      -1.735       0.465       4.658
logitP[107]         -1.688      3.187      -8.066      -3.809      -1.672       0.492       4.498
logitP[108]         -1.664      3.314      -8.444      -3.843      -1.648       0.598       4.728
logitP[109]         -1.845      0.070      -1.983      -1.892      -1.844      -1.798      -1.710
logitP[110]         -1.695      0.059      -1.812      -1.735      -1.695      -1.654      -1.583
logitP[111]         -1.643      3.186      -8.181      -3.745      -1.683       0.525       4.359
logitP[112]         -1.741      3.189      -8.273      -3.897      -1.683       0.501       4.401
logitP[113]         -1.704      3.180      -8.068      -3.873      -1.693       0.440       4.518
logitP[114]         -1.627      3.244      -7.981      -3.796      -1.636       0.584       4.655
logitP[115]         -1.718      0.069      -1.855      -1.763      -1.717      -1.671      -1.587
logitP[116]         -1.676      3.266      -8.295      -3.804      -1.622       0.526       4.709
logitP[117]         -1.673      3.139      -7.934      -3.774      -1.701       0.457       4.518
logitP[118]         -1.681      3.193      -8.191      -3.733      -1.665       0.442       4.623
logitP[119]         -2.643      0.243      -3.145      -2.796      -2.636      -2.473      -2.202
logitP[120]         -1.753      3.252      -8.404      -3.925      -1.667       0.435       4.558
logitP[121]         -3.916      0.270      -4.486      -4.091      -3.900      -3.727      -3.435
logitP[122]         -1.632      3.246      -8.397      -3.749      -1.598       0.552       4.521
logitP[123]         -3.319      0.209      -3.752      -3.457      -3.312      -3.173      -2.931
logitP[124]         -1.715      3.181      -8.237      -3.879      -1.678       0.421       4.528
logitP[125]         -1.694      3.117      -8.000      -3.737      -1.677       0.361       4.372
logitP[126]         -1.727      3.198      -8.307      -3.864      -1.732       0.476       4.538
logitP[127]         -1.743      3.114      -8.143      -3.735      -1.693       0.326       4.359
logitP[128]         -1.813      3.250      -8.468      -3.902      -1.782       0.327       4.555
logitP[129]         -1.561      3.175      -8.112      -3.624      -1.542       0.632       4.502
logitP[130]         -1.738      3.229      -8.357      -3.929      -1.721       0.431       4.499
logitP[131]         -1.610      3.167      -8.087      -3.737      -1.641       0.519       4.526
logitP[132]         -1.712      3.252      -8.300      -3.882      -1.700       0.484       4.608
logitP[133]         -1.689      3.223      -8.512      -3.822      -1.583       0.497       4.473
logitP[134]         -0.904      0.071      -1.048      -0.950      -0.904      -0.857      -0.766
logitP[135]         -1.733      3.228      -8.175      -3.862      -1.739       0.356       4.703
logitP[136]         -1.696      3.232      -8.216      -3.857      -1.681       0.479       4.542
logitP[137]         -1.707      3.236      -8.314      -3.813      -1.667       0.357       4.734
logitP[138]         -1.599      0.105      -1.811      -1.668      -1.599      -1.529      -1.392
logitP[139]         -1.723      3.134      -8.150      -3.819      -1.715       0.425       4.236
logitP[140]         -1.645      3.191      -8.046      -3.752      -1.658       0.484       4.643
logitP[141]         -2.787      0.125      -3.043      -2.869      -2.785      -2.702      -2.544
logitP[142]         -1.710      3.216      -8.051      -3.845      -1.724       0.427       4.561
logitP[143]         -3.051      0.213      -3.480      -3.189      -3.041      -2.904      -2.656
logitP[144]         -1.673      3.198      -7.957      -3.790      -1.681       0.423       4.851
logitP[145]         -3.112      0.213      -3.541      -3.253      -3.108      -2.964      -2.724
logitP[146]         -1.738      3.340      -8.511      -3.911      -1.691       0.429       4.766
logitP[147]         -3.075      0.185      -3.460      -3.194      -3.068      -2.945      -2.728
logitP[148]         -1.763      3.166      -8.045      -3.848      -1.766       0.425       4.478
logitP[149]         -1.714      3.183      -8.000      -3.875      -1.672       0.400       4.501
logitP[150]         -1.649      3.189      -7.976      -3.771      -1.684       0.476       4.709
logitP[151]         -1.734      3.234      -8.478      -3.912      -1.614       0.454       4.638
logitP[152]         -1.666      3.227      -8.291      -3.763      -1.659       0.487       4.597
logitP[153]         -1.804      3.223      -8.517      -3.952      -1.751       0.323       4.511
logitP[154]         -2.192      0.110      -2.408      -2.265      -2.192      -2.116      -1.978
logitP[155]         -1.803      3.199      -8.218      -3.891      -1.703       0.351       4.281
logitP[156]         -2.817      0.171      -3.157      -2.928      -2.815      -2.699      -2.492
logitP[157]         -1.761      3.244      -8.546      -3.926      -1.704       0.462       4.530
logitP[158]         -1.905      0.108      -2.121      -1.978      -1.905      -1.830      -1.691
logitP[159]         -1.669      3.178      -7.882      -3.846      -1.671       0.456       4.653
logitP[160]         -1.286      0.092      -1.461      -1.351      -1.288      -1.223      -1.105
logitP[161]         -1.863      3.224      -8.523      -3.961      -1.770       0.298       4.346
logitP[162]         -1.290      0.093      -1.472      -1.352      -1.291      -1.228      -1.104
logitP[163]         -1.732      3.158      -7.862      -3.853      -1.703       0.357       4.568
logitP[164]         -1.692      0.100      -1.889      -1.759      -1.692      -1.622      -1.498
logitP[165]         -1.696      3.237      -8.461      -3.759      -1.701       0.491       4.704
logitP[166]         -1.731      3.223      -8.428      -3.914      -1.694       0.448       4.375
logitP[167]         -1.743      3.165      -8.218      -3.816      -1.685       0.366       4.369
logitP[168]         -1.835      3.247      -8.652      -3.919      -1.791       0.342       4.446
logitP[169]         -1.732      3.235      -8.519      -3.865      -1.677       0.483       4.415
logitP[170]         -1.783      3.225      -8.307      -3.963      -1.805       0.360       4.576
logitP[171]         -1.816      3.179      -8.415      -3.887      -1.764       0.371       4.283
logitP[172]         -1.862      0.129      -2.114      -1.951      -1.860      -1.773      -1.617
logitP[173]         -1.776      3.264      -8.361      -3.960      -1.725       0.409       4.701
logitP[174]         -1.762      3.230      -8.499      -3.915      -1.759       0.428       4.564
logitP[175]         -1.729      3.206      -8.332      -3.860      -1.693       0.444       4.431
logitP[176]         -1.778      3.235      -8.391      -3.919      -1.745       0.380       4.480
logitP[177]         -1.666      3.198      -8.283      -3.717      -1.639       0.449       4.552
logitP[178]         -4.164      0.382      -4.980      -4.412      -4.141      -3.900      -3.474
logitP[179]         -1.791      3.251      -8.341      -3.969      -1.763       0.500       4.280
logitP[180]         -1.755      3.270      -8.552      -3.847      -1.702       0.413       4.619
logitP[181]         -4.920      0.375      -5.710      -5.156      -4.903      -4.659      -4.232
logitP[182]         -1.784      3.247      -8.379      -3.980      -1.739       0.470       4.434
logitP[183]         -4.690      0.335      -5.382      -4.904      -4.680      -4.450      -4.085
logitP[184]         -1.772      3.264      -8.410      -3.980      -1.754       0.499       4.533
logitP[185]         -1.806      3.311      -8.423      -4.016      -1.740       0.483       4.562
logitP[186]         -1.727      3.249      -8.137      -3.923      -1.699       0.515       4.648
logitP[187]         -1.754      3.309      -8.360      -3.949      -1.720       0.506       4.607
logitP[188]         -1.819      3.233      -8.385      -4.010      -1.757       0.353       4.438
logitP[189]         -1.834      3.321      -8.675      -4.003      -1.802       0.393       4.670
logitP[190]         -1.832      3.208      -8.429      -3.990      -1.735       0.351       4.322
logitP[191]         -1.801      3.231      -8.233      -3.923      -1.768       0.420       4.505
logitP[192]         -2.395      0.128      -2.646      -2.482      -2.395      -2.309      -2.148
logitP[193]         -1.785      3.203      -8.212      -3.894      -1.794       0.364       4.440
logitP[194]         -1.781      3.231      -8.088      -3.974      -1.778       0.372       4.542
logitP[195]         -1.762      3.329      -8.466      -4.037      -1.750       0.486       4.714
logitP[196]         -1.858      3.273      -8.626      -4.073      -1.820       0.376       4.494
logitP[197]         -1.844      3.207      -8.322      -3.984      -1.842       0.343       4.247
logitP[198]         -2.826      0.127      -3.080      -2.910      -2.822      -2.739      -2.584
logitP[199]         -1.854      3.162      -8.371      -3.995      -1.808       0.297       4.097
logitP[200]         -3.849      0.262      -4.383      -4.024      -3.844      -3.662      -3.362
logitP[201]         -1.859      3.282      -8.614      -3.977      -1.809       0.363       4.604
logitP[202]         -1.845      3.227      -8.492      -3.992      -1.774       0.271       4.616
logitP[203]         -4.136      0.264      -4.687      -4.306      -4.123      -3.955      -3.655
logitP[204]         -3.503      0.203      -3.926      -3.635      -3.499      -3.361      -3.129
logitP[205]         -1.828      3.245      -8.416      -3.912      -1.803       0.309       4.406
logitP[206]         -3.674      0.218      -4.120      -3.817      -3.665      -3.523      -3.273
logitP[207]         -1.878      3.328      -8.709      -4.074      -1.909       0.415       4.593
logitP[208]         -3.268      0.187      -3.656      -3.385      -3.264      -3.141      -2.918
m2[1]              104.000      0.000     104.000     104.000     104.000     104.000     104.000
m2[2]              188.000      0.000     188.000     188.000     188.000     188.000     188.000
m2[3]              121.000      0.000     121.000     121.000     121.000     121.000     121.000
m2[4]              106.000      0.000     106.000     106.000     106.000     106.000     106.000
m2[5]             1360.000      0.000    1360.000    1360.000    1360.000    1360.000    1360.000
m2[6]              958.000      0.000     958.000     958.000     958.000     958.000     958.000
m2[7]              494.000      0.000     494.000     494.000     494.000     494.000     494.000
m2[8]              264.000      0.000     264.000     264.000     264.000     264.000     264.000
m2[9]              347.000      0.000     347.000     347.000     347.000     347.000     347.000
m2[10]             236.000      0.000     236.000     236.000     236.000     236.000     236.000
m2[11]               0.307      0.461       0.000       0.000       0.000       1.000       1.000
m2[12]               0.299      0.458       0.000       0.000       0.000       1.000       1.000
m2[13]               0.294      0.456       0.000       0.000       0.000       1.000       1.000
m2[14]             146.000      0.000     146.000     146.000     146.000     146.000     146.000
m2[15]              47.000      0.000      47.000      47.000      47.000      47.000      47.000
m2[16]               0.292      0.455       0.000       0.000       0.000       1.000       1.000
m2[17]             222.000      0.000     222.000     222.000     222.000     222.000     222.000
m2[18]             280.000      0.000     280.000     280.000     280.000     280.000     280.000
m2[19]               0.305      0.461       0.000       0.000       0.000       1.000       1.000
m2[20]               0.289      0.453       0.000       0.000       0.000       1.000       1.000
m2[21]               0.307      0.461       0.000       0.000       0.000       1.000       1.000
m2[22]               0.308      0.462       0.000       0.000       0.000       1.000       1.000
m2[23]             112.000      0.000     112.000     112.000     112.000     112.000     112.000
m2[24]             553.000      0.000     553.000     553.000     553.000     553.000     553.000
m2[25]             530.000      0.000     530.000     530.000     530.000     530.000     530.000
m2[26]             561.000      0.000     561.000     561.000     561.000     561.000     561.000
m2[27]             701.000      0.000     701.000     701.000     701.000     701.000     701.000
m2[28]             725.000      0.000     725.000     725.000     725.000     725.000     725.000
m2[29]              34.000      0.000      34.000      34.000      34.000      34.000      34.000
m2[30]               0.300      0.458       0.000       0.000       0.000       1.000       1.000
m2[31]               0.305      0.460       0.000       0.000       0.000       1.000       1.000
m2[32]             228.000      0.000     228.000     228.000     228.000     228.000     228.000
m2[33]               0.309      0.462       0.000       0.000       0.000       1.000       1.000
m2[34]              78.000      0.000      78.000      78.000      78.000      78.000      78.000
m2[35]               0.309      0.462       0.000       0.000       0.000       1.000       1.000
m2[36]               0.298      0.457       0.000       0.000       0.000       1.000       1.000
m2[37]              75.000      0.000      75.000      75.000      75.000      75.000      75.000
m2[38]               0.306      0.461       0.000       0.000       0.000       1.000       1.000
m2[39]              73.000      0.000      73.000      73.000      73.000      73.000      73.000
m2[40]               0.318      0.466       0.000       0.000       0.000       1.000       1.000
m2[41]               0.309      0.462       0.000       0.000       0.000       1.000       1.000
m2[42]               0.296      0.457       0.000       0.000       0.000       1.000       1.000
m2[43]               0.311      0.463       0.000       0.000       0.000       1.000       1.000
m2[44]               0.319      0.466       0.000       0.000       0.000       1.000       1.000
m2[45]               0.304      0.460       0.000       0.000       0.000       1.000       1.000
m2[46]              33.000      0.000      33.000      33.000      33.000      33.000      33.000
m2[47]              62.000      0.000      62.000      62.000      62.000      62.000      62.000
m2[48]               0.330      0.470       0.000       0.000       0.000       1.000       1.000
m2[49]               0.321      0.467       0.000       0.000       0.000       1.000       1.000
m2[50]              65.000      0.000      65.000      65.000      65.000      65.000      65.000
m2[51]               0.318      0.466       0.000       0.000       0.000       1.000       1.000
m2[52]               0.306      0.461       0.000       0.000       0.000       1.000       1.000
m2[53]               0.316      0.465       0.000       0.000       0.000       1.000       1.000
m2[54]               0.309      0.462       0.000       0.000       0.000       1.000       1.000
m2[55]               0.328      0.469       0.000       0.000       0.000       1.000       1.000
m2[56]              10.000      0.000      10.000      10.000      10.000      10.000      10.000
m2[57]               0.319      0.466       0.000       0.000       0.000       1.000       1.000
m2[58]               0.321      0.467       0.000       0.000       0.000       1.000       1.000
m2[59]              21.000      0.000      21.000      21.000      21.000      21.000      21.000
m2[60]               0.315      0.465       0.000       0.000       0.000       1.000       1.000
m2[61]               0.311      0.463       0.000       0.000       0.000       1.000       1.000
m2[62]               0.314      0.464       0.000       0.000       0.000       1.000       1.000
m2[63]               7.000      0.000       7.000       7.000       7.000       7.000       7.000
m2[64]               0.314      0.464       0.000       0.000       0.000       1.000       1.000
m2[65]              16.000      0.000      16.000      16.000      16.000      16.000      16.000
m2[66]               0.319      0.466       0.000       0.000       0.000       1.000       1.000
m2[67]               0.325      0.468       0.000       0.000       0.000       1.000       1.000
m2[68]               0.330      0.470       0.000       0.000       0.000       1.000       1.000
m2[69]               0.316      0.465       0.000       0.000       0.000       1.000       1.000
m2[70]               0.317      0.465       0.000       0.000       0.000       1.000       1.000
m2[71]             108.000      0.000     108.000     108.000     108.000     108.000     108.000
m2[72]               0.327      0.469       0.000       0.000       0.000       1.000       1.000
m2[73]             173.000      0.000     173.000     173.000     173.000     173.000     173.000
m2[74]               0.324      0.468       0.000       0.000       0.000       1.000       1.000
m2[75]               0.320      0.467       0.000       0.000       0.000       1.000       1.000
m2[76]               0.314      0.464       0.000       0.000       0.000       1.000       1.000
m2[77]               0.324      0.468       0.000       0.000       0.000       1.000       1.000
m2[78]             104.000      0.000     104.000     104.000     104.000     104.000     104.000
m2[79]               0.321      0.467       0.000       0.000       0.000       1.000       1.000
m2[80]               0.315      0.464       0.000       0.000       0.000       1.000       1.000
m2[81]               0.324      0.468       0.000       0.000       0.000       1.000       1.000
m2[82]               0.323      0.468       0.000       0.000       0.000       1.000       1.000
m2[83]               0.325      0.468       0.000       0.000       0.000       1.000       1.000
m2[84]              30.000      0.000      30.000      30.000      30.000      30.000      30.000
m2[85]               0.319      0.466       0.000       0.000       0.000       1.000       1.000
m2[86]               0.317      0.465       0.000       0.000       0.000       1.000       1.000
m2[87]               0.315      0.465       0.000       0.000       0.000       1.000       1.000
m2[88]               0.326      0.469       0.000       0.000       0.000       1.000       1.000
m2[89]               0.325      0.468       0.000       0.000       0.000       1.000       1.000
m2[90]               0.324      0.468       0.000       0.000       0.000       1.000       1.000
m2[91]               0.321      0.467       0.000       0.000       0.000       1.000       1.000
m2[92]               0.314      0.464       0.000       0.000       0.000       1.000       1.000
m2[93]               0.320      0.466       0.000       0.000       0.000       1.000       1.000
m2[94]               0.330      0.470       0.000       0.000       0.000       1.000       1.000
m2[95]               0.320      0.467       0.000       0.000       0.000       1.000       1.000
m2[96]               0.323      0.468       0.000       0.000       0.000       1.000       1.000
m2[97]               0.323      0.468       0.000       0.000       0.000       1.000       1.000
m2[98]               6.000      0.000       6.000       6.000       6.000       6.000       6.000
m2[99]               0.335      0.472       0.000       0.000       0.000       1.000       1.000
m2[100]              0.333      0.471       0.000       0.000       0.000       1.000       1.000
m2[101]              0.330      0.470       0.000       0.000       0.000       1.000       1.000
m2[102]              6.000      0.000       6.000       6.000       6.000       6.000       6.000
m2[103]              0.327      0.469       0.000       0.000       0.000       1.000       1.000
m2[104]              0.320      0.467       0.000       0.000       0.000       1.000       1.000
m2[105]              0.329      0.470       0.000       0.000       0.000       1.000       1.000
m2[106]              0.323      0.468       0.000       0.000       0.000       1.000       1.000
m2[107]              0.321      0.467       0.000       0.000       0.000       1.000       1.000
m2[108]              0.324      0.468       0.000       0.000       0.000       1.000       1.000
m2[109]            234.000      0.000     234.000     234.000     234.000     234.000     234.000
m2[110]            342.000      0.000     342.000     342.000     342.000     342.000     342.000
m2[111]              0.329      0.470       0.000       0.000       0.000       1.000       1.000
m2[112]              0.314      0.464       0.000       0.000       0.000       1.000       1.000
m2[113]              0.322      0.467       0.000       0.000       0.000       1.000       1.000
m2[114]              0.332      0.471       0.000       0.000       0.000       1.000       1.000
m2[115]            241.000      0.000     241.000     241.000     241.000     241.000     241.000
m2[116]              0.323      0.468       0.000       0.000       0.000       1.000       1.000
m2[117]              0.320      0.467       0.000       0.000       0.000       1.000       1.000
m2[118]              0.323      0.468       0.000       0.000       0.000       1.000       1.000
m2[119]             18.000      0.000      18.000      18.000      18.000      18.000      18.000
m2[120]              0.322      0.467       0.000       0.000       0.000       1.000       1.000
m2[121]             13.000      0.000      13.000      13.000      13.000      13.000      13.000
m2[122]              0.334      0.472       0.000       0.000       0.000       1.000       1.000
m2[123]             24.000      0.000      24.000      24.000      24.000      24.000      24.000
m2[124]              0.315      0.465       0.000       0.000       0.000       1.000       1.000
m2[125]              0.321      0.467       0.000       0.000       0.000       1.000       1.000
m2[126]              0.312      0.464       0.000       0.000       0.000       1.000       1.000
m2[127]              0.311      0.463       0.000       0.000       0.000       1.000       1.000
m2[128]              0.308      0.462       0.000       0.000       0.000       1.000       1.000
m2[129]              0.330      0.470       0.000       0.000       0.000       1.000       1.000
m2[130]              0.317      0.465       0.000       0.000       0.000       1.000       1.000
m2[131]              0.334      0.472       0.000       0.000       0.000       1.000       1.000
m2[132]              0.330      0.470       0.000       0.000       0.000       1.000       1.000
m2[133]              0.321      0.467       0.000       0.000       0.000       1.000       1.000
m2[134]            289.000      0.000     289.000     289.000     289.000     289.000     289.000
m2[135]              0.315      0.465       0.000       0.000       0.000       1.000       1.000
m2[136]              0.317      0.465       0.000       0.000       0.000       1.000       1.000
m2[137]              0.322      0.467       0.000       0.000       0.000       1.000       1.000
m2[138]            107.000      0.000     107.000     107.000     107.000     107.000     107.000
m2[139]              0.318      0.466       0.000       0.000       0.000       1.000       1.000
m2[140]              0.324      0.468       0.000       0.000       0.000       1.000       1.000
m2[141]             69.000      0.000      69.000      69.000      69.000      69.000      69.000
m2[142]              0.320      0.467       0.000       0.000       0.000       1.000       1.000
m2[143]             23.000      0.000      23.000      23.000      23.000      23.000      23.000
m2[144]              0.326      0.469       0.000       0.000       0.000       1.000       1.000
m2[145]             24.000      0.000      24.000      24.000      24.000      24.000      24.000
m2[146]              0.323      0.468       0.000       0.000       0.000       1.000       1.000
m2[147]             31.000      0.000      31.000      31.000      31.000      31.000      31.000
m2[148]              0.310      0.463       0.000       0.000       0.000       1.000       1.000
m2[149]              0.318      0.466       0.000       0.000       0.000       1.000       1.000
m2[150]              0.317      0.465       0.000       0.000       0.000       1.000       1.000
m2[151]              0.326      0.469       0.000       0.000       0.000       1.000       1.000
m2[152]              0.329      0.470       0.000       0.000       0.000       1.000       1.000
m2[153]              0.308      0.462       0.000       0.000       0.000       1.000       1.000
m2[154]             94.000      0.000      94.000      94.000      94.000      94.000      94.000
m2[155]              0.315      0.465       0.000       0.000       0.000       1.000       1.000
m2[156]             37.000      0.000      37.000      37.000      37.000      37.000      37.000
m2[157]              0.314      0.464       0.000       0.000       0.000       1.000       1.000
m2[158]             94.000      0.000      94.000      94.000      94.000      94.000      94.000
m2[159]              0.325      0.469       0.000       0.000       0.000       1.000       1.000
m2[160]            149.000      0.000     149.000     149.000     149.000     149.000     149.000
m2[161]              0.312      0.463       0.000       0.000       0.000       1.000       1.000
m2[162]            156.000      0.000     156.000     156.000     156.000     156.000     156.000
m2[163]              0.305      0.461       0.000       0.000       0.000       1.000       1.000
m2[164]            119.000      0.000     119.000     119.000     119.000     119.000     119.000
m2[165]              0.324      0.468       0.000       0.000       0.000       1.000       1.000
m2[166]              0.323      0.468       0.000       0.000       0.000       1.000       1.000
m2[167]              0.312      0.463       0.000       0.000       0.000       1.000       1.000
m2[168]              0.313      0.464       0.000       0.000       0.000       1.000       1.000
m2[169]              0.321      0.467       0.000       0.000       0.000       1.000       1.000
m2[170]              0.315      0.465       0.000       0.000       0.000       1.000       1.000
m2[171]              0.311      0.463       0.000       0.000       0.000       1.000       1.000
m2[172]             65.000      0.000      65.000      65.000      65.000      65.000      65.000
m2[173]              0.314      0.464       0.000       0.000       0.000       1.000       1.000
m2[174]              0.319      0.466       0.000       0.000       0.000       1.000       1.000
m2[175]              0.320      0.467       0.000       0.000       0.000       1.000       1.000
m2[176]              0.316      0.465       0.000       0.000       0.000       1.000       1.000
m2[177]              0.324      0.468       0.000       0.000       0.000       1.000       1.000
m2[178]              7.000      0.000       7.000       7.000       7.000       7.000       7.000
m2[179]              0.323      0.468       0.000       0.000       0.000       1.000       1.000
m2[180]              0.320      0.466       0.000       0.000       0.000       1.000       1.000
m2[181]              7.000      0.000       7.000       7.000       7.000       7.000       7.000
m2[182]              0.322      0.467       0.000       0.000       0.000       1.000       1.000
m2[183]              9.000      0.000       9.000       9.000       9.000       9.000       9.000
m2[184]              0.325      0.468       0.000       0.000       0.000       1.000       1.000
m2[185]              0.310      0.462       0.000       0.000       0.000       1.000       1.000
m2[186]              0.324      0.468       0.000       0.000       0.000       1.000       1.000
m2[187]              0.320      0.466       0.000       0.000       0.000       1.000       1.000
m2[188]              0.314      0.464       0.000       0.000       0.000       1.000       1.000
m2[189]              0.314      0.464       0.000       0.000       0.000       1.000       1.000
m2[190]              0.314      0.464       0.000       0.000       0.000       1.000       1.000
m2[191]              0.311      0.463       0.000       0.000       0.000       1.000       1.000
m2[192]             68.000      0.000      68.000      68.000      68.000      68.000      68.000
m2[193]              0.313      0.464       0.000       0.000       0.000       1.000       1.000
m2[194]              0.310      0.463       0.000       0.000       0.000       1.000       1.000
m2[195]              0.327      0.469       0.000       0.000       0.000       1.000       1.000
m2[196]              0.298      0.458       0.000       0.000       0.000       1.000       1.000
m2[197]              0.308      0.462       0.000       0.000       0.000       1.000       1.000
m2[198]             64.000      0.000      64.000      64.000      64.000      64.000      64.000
m2[199]              0.308      0.462       0.000       0.000       0.000       1.000       1.000
m2[200]             15.000      0.000      15.000      15.000      15.000      15.000      15.000
m2[201]              0.308      0.462       0.000       0.000       0.000       1.000       1.000
m2[202]              0.308      0.462       0.000       0.000       0.000       1.000       1.000
m2[203]             14.000      0.000      14.000      14.000      14.000      14.000      14.000
m2[204]             26.000      0.000      26.000      26.000      26.000      26.000      26.000
m2[205]              0.310      0.463       0.000       0.000       0.000       1.000       1.000
m2[206]             21.000      0.000      21.000      21.000      21.000      21.000      21.000
m2[207]              0.318      0.466       0.000       0.000       0.000       1.000       1.000
m2[208]             30.000      0.000      30.000      30.000      30.000      30.000      30.000
sigmaP               3.079      0.404       2.466       2.784       3.021       3.309       4.025
sigmaU               0.251      0.102       0.113       0.172       0.226       0.312       0.488
sigmaeU             19.562     11.610       7.197       9.721      13.811      33.111      39.595
tauP                 0.111      0.027       0.062       0.091       0.110       0.129       0.164
tauU                25.109     20.247       4.207      10.262      19.499      33.760      77.956
taueU                0.006      0.006       0.001       0.001       0.005       0.011       0.019
                Rhat n.eff
Ntot           1.003  1100
U[1]           1.002  2200
U[2]           1.001  2800
U[3]           1.002  1500
U[4]           1.001  4500
U[5]           1.001  4500
U[6]           1.001  4500
U[7]           1.002  1800
U[8]           1.005   460
U[9]           1.001  4500
U[10]          1.001  2500
U[11]          1.245  1100
U[12]          1.107   750
U[13]          1.289   250
U[14]          1.002  4500
U[15]          1.001  4500
U[16]          1.107   420
U[17]          1.001  4500
U[18]          1.003   990
U[19]          1.160   510
U[20]          1.188   920
U[21]          1.237  1200
U[22]          1.114  1700
U[23]          1.001  4500
U[24]          1.001  3000
U[25]          1.001  4500
U[26]          1.003  1100
U[27]          1.001  4500
U[28]          1.001  4500
U[29]          1.002  4500
U[30]          1.236  1500
U[31]          1.112  1900
U[32]          1.001  4500
U[33]          1.290  2900
U[34]          1.001  4500
U[35]          1.133   740
U[36]          1.115  1600
U[37]          1.003   890
U[38]          1.131  2700
U[39]          1.011   200
U[40]          1.291  1100
U[41]          1.160   780
U[42]          1.195   460
U[43]          1.160  2900
U[44]          1.277  1900
U[45]          1.130  1300
U[46]          1.003  1800
U[47]          1.001  4500
U[48]          1.238   790
U[49]          1.169  1700
U[50]          1.001  3300
U[51]          1.110   780
U[52]          1.224  2100
U[53]          1.227  1300
U[54]          1.202   950
U[55]          1.133   470
U[56]          1.002  1400
U[57]          1.154   930
U[58]          1.210  1000
U[59]          1.001  4300
U[60]          1.270  4500
U[61]          1.259  3400
U[62]          1.041  4500
U[63]          1.002  1400
U[64]          1.224   470
U[65]          1.002  1900
U[66]          1.266   930
U[67]          1.273  3000
U[68]          1.268   500
U[69]          1.229   660
U[70]          1.237  1100
U[71]          1.001  4500
U[72]          1.250  1700
U[73]          1.002  1900
U[74]          1.223  1100
U[75]          1.288  1800
U[76]          1.108  1200
U[77]          1.197  1500
U[78]          1.001  4500
U[79]          1.203  2300
U[80]          1.111  1700
U[81]          1.045  3600
U[82]          1.118   960
U[83]          1.105  1000
U[84]          1.002  1100
U[85]          1.289  3200
U[86]          1.155  1100
U[87]          1.178   770
U[88]          1.112  1000
U[89]          1.290  1300
U[90]          1.136  1600
U[91]          1.203  1100
U[92]          1.040  1500
U[93]          1.145  2100
U[94]          1.249  1400
U[95]          1.160  1300
U[96]          1.200  1300
U[97]          1.185  1900
U[98]          1.001  4500
U[99]          1.261   700
U[100]         1.113  1200
U[101]         1.181  1800
U[102]         1.001  4500
U[103]         1.290   760
U[104]         1.172  2500
U[105]         1.153  1400
U[106]         1.270   760
U[107]         1.237  2200
U[108]         1.259  3000
U[109]         1.002  2400
U[110]         1.001  4500
U[111]         1.135  1200
U[112]         1.267  1900
U[113]         1.119  1200
U[114]         1.228  3100
U[115]         1.001  3300
U[116]         1.181   810
U[117]         1.291   940
U[118]         1.246  1900
U[119]         1.001  3700
U[120]         1.197  1700
U[121]         1.001  4100
U[122]         1.111  4500
U[123]         1.002  1700
U[124]         1.233   840
U[125]         1.068  2800
U[126]         1.103  1200
U[127]         1.244  1900
U[128]         1.209  1100
U[129]         1.290  1700
U[130]         1.261   770
U[131]         1.243   960
U[132]         1.111  1700
U[133]         1.268  1100
U[134]         1.001  2700
U[135]         1.252  1700
U[136]         1.260   960
U[137]         1.106   870
U[138]         1.002  2100
U[139]         1.150  1400
U[140]         1.283   630
U[141]         1.007   350
U[142]         1.195  1200
U[143]         1.002  2300
U[144]         1.221  1500
U[145]         1.003   890
U[146]         1.137  3200
U[147]         1.001  4500
U[148]         1.189  3200
U[149]         1.144   990
U[150]         1.266   370
U[151]         1.125   830
U[152]         1.123  2200
U[153]         1.242   900
U[154]         1.002  1800
U[155]         1.111   830
U[156]         1.004   690
U[157]         1.107   800
U[158]         1.002  2000
U[159]         1.118  2100
U[160]         1.003  1000
U[161]         1.206  2100
U[162]         1.001  4500
U[163]         1.289  1300
U[164]         1.001  4500
U[165]         1.287  1300
U[166]         1.085  2300
U[167]         1.251  1700
U[168]         1.169   510
U[169]         1.193  1400
U[170]         1.026  1600
U[171]         1.203  1400
U[172]         1.001  3300
U[173]         1.115  1600
U[174]         1.160  2600
U[175]         1.173   920
U[176]         1.292   580
U[177]         1.254   390
U[178]         1.001  4500
U[179]         1.182  2200
U[180]         1.111  1400
U[181]         1.001  3100
U[182]         1.287   980
U[183]         1.001  4500
U[184]         1.186  1000
U[185]         1.235   870
U[186]         1.213   590
U[187]         1.278   550
U[188]         1.189   680
U[189]         1.256  3100
U[190]         1.125   840
U[191]         1.006  3000
U[192]         1.001  4000
U[193]         1.283   880
U[194]         1.253  1100
U[195]         1.287   330
U[196]         1.291   890
U[197]         1.136   870
U[198]         1.001  4500
U[199]         1.274   610
U[200]         1.001  4100
U[201]         1.142   460
U[202]         1.260  1700
U[203]         1.001  4500
U[204]         1.001  4500
U[205]         1.129  1400
U[206]         1.001  4500
U[207]         1.136  1500
U[208]         1.005   480
Utot           1.003  1100
bU[1]          5.117     3
bU[2]          6.034     3
bU[3]          6.371     3
bU[4]          5.916     3
bU[5]          5.123     3
bU[6]          4.388     3
bU[7]          3.820     3
bU[8]          3.420     4
bU[9]          3.105     4
bU[10]         2.844     4
bU[11]         2.440     4
bU[12]         4.543     3
bU[13]         4.854     3
bU[14]         4.758     3
bU[15]         3.941     3
bU[16]         2.783     4
bU[17]         1.821     6
bU[18]         1.305    11
bU[19]         1.186    16
bU[20]         1.304    10
bU[21]         1.551     7
bU[22]         1.864     5
bU[23]         2.164     5
bU[24]         2.389     4
bU[25]         2.506     4
bU[26]         2.504     4
bU[27]         2.367     4
bU[28]         2.141     5
bU[29]         1.947     5
bU[30]         1.890     5
bU[31]         2.008     5
bU[32]         2.276     4
bU[33]         2.669     4
bU[34]         3.162     4
bU[35]         3.707     4
bU[36]         4.215     3
bU[37]         4.548     3
bU[38]         4.549     3
bU[39]         4.302     3
bU[40]         3.967     3
bU[41]         3.602     4
bU[42]         3.295     4
bU[43]         3.042     4
bU[44]         2.800     4
bU[45]         2.557     4
bU[46]         2.493     4
bU[47]         2.737     4
bU[48]         3.242     4
bU[49]         3.894     3
bU[50]         4.411     3
bU[51]         4.512     3
bU[52]         4.264     3
bU[53]         3.851     3
bU[54]         3.437     4
bU[55]         3.072     4
beta.logitP[1] 1.499     7
beta.logitP[2] 1.039    59
beta.logitP[3] 1.001  4500
deviance       1.072    32
eU[1]          5.690     3
eU[2]          6.003     3
eU[3]          6.180     3
eU[4]          6.261     3
eU[5]          6.293     3
eU[6]          6.240     3
eU[7]          6.157     3
eU[8]          6.041     3
eU[9]          5.902     3
eU[10]         5.767     3
eU[11]         1.654     7
eU[12]         1.689     6
eU[13]         1.982     5
eU[14]         5.139     3
eU[15]         4.979     3
eU[16]         2.070     5
eU[17]         4.742     3
eU[18]         4.611     3
eU[19]         1.442     8
eU[20]         1.615     7
eU[21]         1.717     7
eU[22]         1.588     7
eU[23]         4.142     3
eU[24]         4.084     3
eU[25]         4.034     3
eU[26]         3.995     3
eU[27]         3.966     3
eU[28]         3.945     3
eU[29]         3.859     3
eU[30]         1.836     6
eU[31]         2.274     5
eU[32]         3.995     3
eU[33]         1.726     6
eU[34]         4.067     3
eU[35]         1.767     6
eU[36]         1.790     6
eU[37]         4.210     3
eU[38]         1.856     6
eU[39]         4.206     3
eU[40]         2.246     5
eU[41]         1.707     6
eU[42]         2.662     4
eU[43]         1.901     6
eU[44]         1.840     6
eU[45]         1.348    10
eU[46]         5.279     3
eU[47]         5.274     3
eU[48]         2.022     5
eU[49]         1.777     6
eU[50]         4.661     3
eU[51]         1.865     6
eU[52]         1.976     5
eU[53]         1.725     6
eU[54]         1.637     7
eU[55]         2.429     4
eU[56]         2.871     4
eU[57]         1.359    12
eU[58]         1.410    10
eU[59]         2.195     5
eU[60]         1.596     7
eU[61]         1.644     7
eU[62]         1.337    11
eU[63]         1.445     9
eU[64]         2.134     5
eU[65]         1.276    12
eU[66]         1.547     8
eU[67]         1.847     6
eU[68]         1.585     7
eU[69]         1.591     8
eU[70]         1.408    11
eU[71]         1.214    14
eU[72]         1.435    10
eU[73]         1.291    11
eU[74]         1.245    15
eU[75]         1.229    15
eU[76]         1.415    10
eU[77]         1.483     9
eU[78]         1.621     7
eU[79]         1.763     6
eU[80]         1.963     5
eU[81]         1.468    10
eU[82]         1.570     8
eU[83]         1.706     7
eU[84]         2.097     5
eU[85]         2.213     5
eU[86]         1.181    19
eU[87]         1.236    14
eU[88]         1.982     5
eU[89]         1.507     8
eU[90]         1.403    12
eU[91]         1.713     7
eU[92]         1.764     6
eU[93]         1.561     7
eU[94]         1.375    11
eU[95]         1.451     9
eU[96]         1.942     5
eU[97]         1.462    10
eU[98]         2.329     4
eU[99]         1.495     8
eU[100]        1.326    12
eU[101]        1.714     7
eU[102]        2.173     5
eU[103]        1.839     6
eU[104]        1.137    27
eU[105]        1.424    10
eU[106]        2.126     5
eU[107]        1.793     6
eU[108]        1.467     9
eU[109]        1.870     5
eU[110]        1.831     6
eU[111]        2.097     5
eU[112]        1.561     9
eU[113]        1.649     7
eU[114]        1.336    11
eU[115]        1.822     6
eU[116]        1.740     7
eU[117]        1.614     7
eU[118]        1.437     9
eU[119]        1.989     5
eU[120]        1.585     7
eU[121]        2.167     5
eU[122]        1.377    10
eU[123]        2.335     4
eU[124]        1.478     8
eU[125]        1.679     7
eU[126]        1.977     5
eU[127]        2.396     4
eU[128]        1.489     8
eU[129]        1.737     6
eU[130]        1.512     9
eU[131]        2.021     5
eU[132]        1.643     7
eU[133]        1.651     7
eU[134]        3.852     3
eU[135]        2.235     5
eU[136]        2.039     5
eU[137]        1.457     8
eU[138]        4.480     3
eU[139]        2.433     4
eU[140]        2.071     5
eU[141]        4.582     3
eU[142]        1.566     7
eU[143]        4.542     3
eU[144]        1.961     5
eU[145]        3.861     3
eU[146]        1.842     6
eU[147]        3.363     4
eU[148]        1.753     6
eU[149]        2.204     5
eU[150]        1.464     8
eU[151]        1.963     5
eU[152]        2.347     4
eU[153]        1.730     7
eU[154]        3.582     4
eU[155]        1.820     6
eU[156]        3.441     4
eU[157]        2.051     5
eU[158]        3.212     4
eU[159]        1.980     5
eU[160]        2.921     4
eU[161]        1.860     6
eU[162]        2.913     4
eU[163]        2.210     5
eU[164]        2.810     4
eU[165]        1.501     8
eU[166]        2.339     4
eU[167]        1.787     6
eU[168]        1.677     7
eU[169]        1.151    19
eU[170]        2.027     5
eU[171]        2.001     5
eU[172]        2.342     4
eU[173]        1.423     9
eU[174]        1.719     7
eU[175]        1.814     6
eU[176]        1.704     7
eU[177]        1.829     6
eU[178]        2.236     5
eU[179]        2.244     5
eU[180]        1.560     8
eU[181]        2.478     4
eU[182]        1.605     7
eU[183]        2.789     4
eU[184]        1.727     6
eU[185]        1.618     7
eU[186]        1.232    15
eU[187]        1.244    14
eU[188]        2.113     5
eU[189]        1.253    14
eU[190]        1.464     9
eU[191]        2.705     4
eU[192]        4.064     3
eU[193]        1.682     7
eU[194]        1.438    10
eU[195]        2.001     5
eU[196]        1.775     6
eU[197]        1.589     8
eU[198]        3.967     3
eU[199]        1.320    13
eU[200]        3.799     3
eU[201]        1.495     9
eU[202]        1.729     6
eU[203]        3.057     4
eU[204]        3.922     3
eU[205]        1.633     7
eU[206]        3.643     4
eU[207]        1.324    13
eU[208]        3.280     4
etaU[1]        1.002  2200
etaU[2]        1.001  2800
etaU[3]        1.002  1500
etaU[4]        1.001  4500
etaU[5]        1.001  4500
etaU[6]        1.001  4500
etaU[7]        1.002  1800
etaU[8]        1.005   460
etaU[9]        1.001  4500
etaU[10]       1.001  2500
etaU[11]       1.336    10
etaU[12]       1.393     9
etaU[13]       1.674     7
etaU[14]       1.002  4500
etaU[15]       1.001  4500
etaU[16]       1.776     6
etaU[17]       1.001  4500
etaU[18]       1.003  1000
etaU[19]       1.227    14
etaU[20]       1.347    12
etaU[21]       1.574     8
etaU[22]       1.363    11
etaU[23]       1.001  4500
etaU[24]       1.001  2900
etaU[25]       1.001  4500
etaU[26]       1.003  1100
etaU[27]       1.001  4500
etaU[28]       1.001  4500
etaU[29]       1.002  4500
etaU[30]       1.617     7
etaU[31]       1.990     5
etaU[32]       1.001  4500
etaU[33]       1.488     8
etaU[34]       1.001  4500
etaU[35]       1.515     8
etaU[36]       1.527     8
etaU[37]       1.003   900
etaU[38]       1.587     7
etaU[39]       1.011   210
etaU[40]       1.962     5
etaU[41]       1.499     8
etaU[42]       2.491     4
etaU[43]       1.685     7
etaU[44]       1.598     7
etaU[45]       1.137    25
etaU[46]       1.003  1700
etaU[47]       1.001  4500
etaU[48]       1.791     6
etaU[49]       1.627     7
etaU[50]       1.001  3400
etaU[51]       1.645     7
etaU[52]       1.836     6
etaU[53]       1.581     8
etaU[54]       1.504     9
etaU[55]       2.291     5
etaU[56]       1.002  1400
etaU[57]       1.276    17
etaU[58]       1.318    12
etaU[59]       1.001  4100
etaU[60]       1.522     8
etaU[61]       1.579     8
etaU[62]       1.277    13
etaU[63]       1.002  1400
etaU[64]       2.127     5
etaU[65]       1.002  1900
etaU[66]       1.535     8
etaU[67]       1.844     6
etaU[68]       1.580     7
etaU[69]       1.595     8
etaU[70]       1.425    10
etaU[71]       1.001  4500
etaU[72]       1.450    10
etaU[73]       1.002  1900
etaU[74]       1.297    12
etaU[75]       1.262    14
etaU[76]       1.470     9
etaU[77]       1.531     8
etaU[78]       1.001  4500
etaU[79]       1.824     6
etaU[80]       2.009     5
etaU[81]       1.514     9
etaU[82]       1.670     7
etaU[83]       1.786     6
etaU[84]       1.002  1200
etaU[85]       2.288     5
etaU[86]       1.258    14
etaU[87]       1.300    12
etaU[88]       2.094     5
etaU[89]       1.608     7
etaU[90]       1.466    10
etaU[91]       1.799     6
etaU[92]       1.830     6
etaU[93]       1.660     7
etaU[94]       1.449     9
etaU[95]       1.527     8
etaU[96]       1.997     5
etaU[97]       1.497     9
etaU[98]       1.001  4500
etaU[99]       1.531     8
etaU[100]      1.342    12
etaU[101]      1.731     6
etaU[102]      1.001  4500
etaU[103]      1.845     6
etaU[104]      1.146    25
etaU[105]      1.419    10
etaU[106]      2.122     5
etaU[107]      1.782     6
etaU[108]      1.441     9
etaU[109]      1.002  2400
etaU[110]      1.001  4500
etaU[111]      2.052     5
etaU[112]      1.530     9
etaU[113]      1.596     8
etaU[114]      1.279    14
etaU[115]      1.001  3300
etaU[116]      1.686     7
etaU[117]      1.535     8
etaU[118]      1.340    12
etaU[119]      1.001  3800
etaU[120]      1.455     9
etaU[121]      1.001  4000
etaU[122]      1.259    15
etaU[123]      1.002  1800
etaU[124]      1.344    11
etaU[125]      1.564     8
etaU[126]      1.802     6
etaU[127]      2.256     5
etaU[128]      1.332    11
etaU[129]      1.548     8
etaU[130]      1.375    12
etaU[131]      1.878     6
etaU[132]      1.504     9
etaU[133]      1.438     9
etaU[134]      1.001  2700
etaU[135]      1.985     5
etaU[136]      1.770     6
etaU[137]      1.273    13
etaU[138]      1.002  2100
etaU[139]      2.206     5
etaU[140]      1.850     6
etaU[141]      1.007   350
etaU[142]      1.340    11
etaU[143]      1.002  2300
etaU[144]      1.677     7
etaU[145]      1.003   930
etaU[146]      1.630     7
etaU[147]      1.001  4500
etaU[148]      1.471     8
etaU[149]      1.977     5
etaU[150]      1.250    13
etaU[151]      1.688     7
etaU[152]      2.126     5
etaU[153]      1.614     8
etaU[154]      1.002  1800
etaU[155]      1.599     7
etaU[156]      1.004   700
etaU[157]      1.847     6
etaU[158]      1.002  2000
etaU[159]      1.842     6
etaU[160]      1.003  1000
etaU[161]      1.727     7
etaU[162]      1.001  4500
etaU[163]      2.055     5
etaU[164]      1.001  4500
etaU[165]      1.367    12
etaU[166]      2.157     5
etaU[167]      1.725     7
etaU[168]      1.550     8
etaU[169]      1.083    39
etaU[170]      1.939     5
etaU[171]      1.862     6
etaU[172]      1.001  3300
etaU[173]      1.334    11
etaU[174]      1.652     7
etaU[175]      1.741     6
etaU[176]      1.676     7
etaU[177]      1.792     6
etaU[178]      1.001  4500
etaU[179]      2.255     5
etaU[180]      1.552     8
etaU[181]      1.001  3200
etaU[182]      1.610     7
etaU[183]      1.001  4500
etaU[184]      1.773     6
etaU[185]      1.649     7
etaU[186]      1.294    12
etaU[187]      1.298    12
etaU[188]      2.228     5
etaU[189]      1.323    12
etaU[190]      1.585     7
etaU[191]      2.825     4
etaU[192]      1.001  4000
etaU[193]      1.779     6
etaU[194]      1.561     8
etaU[195]      2.142     5
etaU[196]      1.925     5
etaU[197]      1.671     7
etaU[198]      1.001  4500
etaU[199]      1.450    10
etaU[200]      1.001  4000
etaU[201]      1.644     7
etaU[202]      1.930     5
etaU[203]      1.001  4500
etaU[204]      1.001  4500
etaU[205]      1.921     6
etaU[206]      1.001  4500
etaU[207]      1.504     9
etaU[208]      1.005   470
logUne[1]      5.655     3
logUne[2]      6.044     3
logUne[3]      6.284     3
logUne[4]      6.398     3
logUne[5]      6.418     3
logUne[6]      6.369     3
logUne[7]      6.270     3
logUne[8]      6.136     3
logUne[9]      5.978     3
logUne[10]     5.801     3
logUne[11]     5.608     3
logUne[12]     5.406     3
logUne[13]     5.202     3
logUne[14]     5.004     3
logUne[15]     4.813     3
logUne[16]     4.630     3
logUne[17]     4.457     3
logUne[18]     4.296     3
logUne[19]     4.146     3
logUne[20]     4.008     3
logUne[21]     3.880     3
logUne[22]     3.764     3
logUne[23]     3.657     4
logUne[24]     3.558     4
logUne[25]     3.466     4
logUne[26]     3.380     4
logUne[27]     3.299     4
logUne[28]     3.222     4
logUne[29]     3.149     4
logUne[30]     3.081     4
logUne[31]     3.017     4
logUne[32]     2.954     4
logUne[33]     2.893     4
logUne[34]     2.831     4
logUne[35]     2.763     4
logUne[36]     2.679     4
logUne[37]     2.561     4
logUne[38]     4.360     3
logUne[39]     4.442     3
logUne[40]     4.527     3
logUne[41]     4.613     3
logUne[42]     4.702     3
logUne[43]     4.789     3
logUne[44]     4.865     3
logUne[45]     4.926     3
logUne[46]     4.965     3
logUne[47]     4.969     3
logUne[48]     4.930     3
logUne[49]     4.842     3
logUne[50]     4.705     3
logUne[51]     4.517     3
logUne[52]     4.281     3
logUne[53]     4.011     3
logUne[54]     3.721     4
logUne[55]     3.419     4
logUne[56]     3.116     4
logUne[57]     2.821     4
logUne[58]     2.543     4
logUne[59]     2.285     5
logUne[60]     2.051     5
logUne[61]     1.845     6
logUne[62]     1.669     6
logUne[63]     1.522     8
logUne[64]     1.406     9
logUne[65]     1.318    11
logUne[66]     1.256    13
logUne[67]     1.218    14
logUne[68]     1.198    15
logUne[69]     1.196    15
logUne[70]     1.208    14
logUne[71]     1.232    13
logUne[72]     1.267    11
logUne[73]     1.311    10
logUne[74]     1.364     9
logUne[75]     1.423     8
logUne[76]     1.488     8
logUne[77]     1.559     7
logUne[78]     1.633     6
logUne[79]     1.710     6
logUne[80]     1.789     6
logUne[81]     1.868     5
logUne[82]     1.946     5
logUne[83]     2.022     5
logUne[84]     2.095     5
logUne[85]     2.164     5
logUne[86]     2.229     5
logUne[87]     2.289     4
logUne[88]     2.342     4
logUne[89]     2.390     4
logUne[90]     2.431     4
logUne[91]     2.464     4
logUne[92]     2.491     4
logUne[93]     2.509     4
logUne[94]     2.521     4
logUne[95]     2.525     4
logUne[96]     2.520     4
logUne[97]     2.506     4
logUne[98]     2.485     4
logUne[99]     2.454     4
logUne[100]    2.416     4
logUne[101]    2.370     4
logUne[102]    2.318     4
logUne[103]    2.263     5
logUne[104]    2.205     5
logUne[105]    2.147     5
logUne[106]    2.091     5
logUne[107]    2.040     5
logUne[108]    1.995     5
logUne[109]    1.958     5
logUne[110]    1.931     5
logUne[111]    1.913     5
logUne[112]    1.905     5
logUne[113]    1.908     5
logUne[114]    1.923     5
logUne[115]    1.948     5
logUne[116]    1.983     5
logUne[117]    2.028     5
logUne[118]    2.082     5
logUne[119]    2.145     5
logUne[120]    2.217     5
logUne[121]    2.296     4
logUne[122]    2.383     4
logUne[123]    2.479     4
logUne[124]    2.581     4
logUne[125]    2.690     4
logUne[126]    2.806     4
logUne[127]    2.928     4
logUne[128]    3.056     4
logUne[129]    3.187     4
logUne[130]    3.324     4
logUne[131]    3.462     4
logUne[132]    3.602     4
logUne[133]    3.741     4
logUne[134]    3.880     3
logUne[135]    4.015     3
logUne[136]    4.143     3
logUne[137]    4.263     3
logUne[138]    4.372     3
logUne[139]    4.467     3
logUne[140]    4.543     3
logUne[141]    4.597     3
logUne[142]    4.631     3
logUne[143]    4.643     3
logUne[144]    4.633     3
logUne[145]    4.604     3
logUne[146]    4.561     3
logUne[147]    4.505     3
logUne[148]    4.438     3
logUne[149]    4.362     3
logUne[150]    4.283     3
logUne[151]    4.199     3
logUne[152]    4.111     3
logUne[153]    4.020     3
logUne[154]    3.929     3
logUne[155]    3.837     3
logUne[156]    3.745     4
logUne[157]    3.656     4
logUne[158]    3.572     4
logUne[159]    3.492     4
logUne[160]    3.415     4
logUne[161]    3.342     4
logUne[162]    3.274     4
logUne[163]    3.208     4
logUne[164]    3.144     4
logUne[165]    3.082     4
logUne[166]    3.020     4
logUne[167]    2.959     4
logUne[168]    2.895     4
logUne[169]    2.830     4
logUne[170]    2.765     4
logUne[171]    2.701     4
logUne[172]    2.641     4
logUne[173]    2.589     4
logUne[174]    2.548     4
logUne[175]    2.523     4
logUne[176]    2.514     4
logUne[177]    2.525     4
logUne[178]    2.557     4
logUne[179]    2.611     4
logUne[180]    2.684     4
logUne[181]    2.776     4
logUne[182]    2.886     4
logUne[183]    3.011     4
logUne[184]    3.148     4
logUne[185]    3.297     4
logUne[186]    3.456     4
logUne[187]    3.621     4
logUne[188]    3.787     3
logUne[189]    3.949     3
logUne[190]    4.104     3
logUne[191]    4.243     3
logUne[192]    4.362     3
logUne[193]    4.455     3
logUne[194]    4.521     3
logUne[195]    4.558     3
logUne[196]    4.564     3
logUne[197]    4.545     3
logUne[198]    4.503     3
logUne[199]    4.442     3
logUne[200]    4.365     3
logUne[201]    4.275     3
logUne[202]    4.175     3
logUne[203]    4.067     3
logUne[204]    3.947     3
logUne[205]    3.817     3
logUne[206]    3.672     4
logUne[207]    3.503     4
logUne[208]    3.303     4
logitP[1]      1.002  1700
logitP[2]      1.001  2800
logitP[3]      1.002  1600
logitP[4]      1.001  4500
logitP[5]      1.001  2900
logitP[6]      1.001  4500
logitP[7]      1.001  4000
logitP[8]      1.005   430
logitP[9]      1.001  3200
logitP[10]     1.002  1200
logitP[11]     1.045    52
logitP[12]     1.054    43
logitP[13]     1.054    43
logitP[14]     1.001  4500
logitP[15]     1.001  4500
logitP[16]     1.044    51
logitP[17]     1.002  1600
logitP[18]     1.001  4500
logitP[19]     1.045    51
logitP[20]     1.046    49
logitP[21]     1.037    62
logitP[22]     1.046    50
logitP[23]     1.001  4500
logitP[24]     1.001  2900
logitP[25]     1.001  4500
logitP[26]     1.002  1900
logitP[27]     1.001  4500
logitP[28]     1.001  4500
logitP[29]     1.002  4500
logitP[30]     1.037    62
logitP[31]     1.035    68
logitP[32]     1.001  4500
logitP[33]     1.041    59
logitP[34]     1.001  4500
logitP[35]     1.036    64
logitP[36]     1.041    58
logitP[37]     1.002  1400
logitP[38]     1.032    71
logitP[39]     1.002  1300
logitP[40]     1.032    72
logitP[41]     1.040    56
logitP[42]     1.035    66
logitP[43]     1.022    98
logitP[44]     1.021   110
logitP[45]     1.038    64
logitP[46]     1.003  1600
logitP[47]     1.001  4500
logitP[48]     1.027    90
logitP[49]     1.028    85
logitP[50]     1.001  4000
logitP[51]     1.030    77
logitP[52]     1.028    79
logitP[53]     1.034    67
logitP[54]     1.031    73
logitP[55]     1.022   120
logitP[56]     1.002  1500
logitP[57]     1.031    76
logitP[58]     1.035    69
logitP[59]     1.001  3300
logitP[60]     1.040    57
logitP[61]     1.028    83
logitP[62]     1.027    83
logitP[63]     1.003   910
logitP[64]     1.025    98
logitP[65]     1.002  2000
logitP[66]     1.030    79
logitP[67]     1.026    82
logitP[68]     1.031    81
logitP[69]     1.027    86
logitP[70]     1.038    66
logitP[71]     1.001  4500
logitP[72]     1.027    81
logitP[73]     1.002  2300
logitP[74]     1.032    74
logitP[75]     1.042    54
logitP[76]     1.032    72
logitP[77]     1.032    78
logitP[78]     1.001  4500
logitP[79]     1.030    81
logitP[80]     1.026    89
logitP[81]     1.024   100
logitP[82]     1.018   120
logitP[83]     1.026    93
logitP[84]     1.002  1600
logitP[85]     1.023   100
logitP[86]     1.022   110
logitP[87]     1.028    86
logitP[88]     1.026    92
logitP[89]     1.026    97
logitP[90]     1.024   100
logitP[91]     1.027    91
logitP[92]     1.019   120
logitP[93]     1.027    97
logitP[94]     1.033    73
logitP[95]     1.030    76
logitP[96]     1.027    86
logitP[97]     1.031    74
logitP[98]     1.001  4500
logitP[99]     1.029    86
logitP[100]    1.020   130
logitP[101]    1.020   110
logitP[102]    1.001  4500
logitP[103]    1.028    89
logitP[104]    1.028    88
logitP[105]    1.020   120
logitP[106]    1.029    80
logitP[107]    1.023    93
logitP[108]    1.030    78
logitP[109]    1.002  1500
logitP[110]    1.001  4500
logitP[111]    1.027    87
logitP[112]    1.035    64
logitP[113]    1.025    96
logitP[114]    1.025    95
logitP[115]    1.002  2000
logitP[116]    1.022   110
logitP[117]    1.027    86
logitP[118]    1.026    90
logitP[119]    1.001  3700
logitP[120]    1.024    95
logitP[121]    1.001  3700
logitP[122]    1.031    76
logitP[123]    1.002  2100
logitP[124]    1.032    73
logitP[125]    1.019   120
logitP[126]    1.022   110
logitP[127]    1.017   140
logitP[128]    1.033    69
logitP[129]    1.033    69
logitP[130]    1.032    75
logitP[131]    1.019   130
logitP[132]    1.025    91
logitP[133]    1.020   120
logitP[134]    1.002  1500
logitP[135]    1.028    86
logitP[136]    1.026    93
logitP[137]    1.025    99
logitP[138]    1.002  1500
logitP[139]    1.021   120
logitP[140]    1.025    93
logitP[141]    1.005   510
logitP[142]    1.029    77
logitP[143]    1.002  1900
logitP[144]    1.022   110
logitP[145]    1.003  1300
logitP[146]    1.027    89
logitP[147]    1.001  4500
logitP[148]    1.036    63
logitP[149]    1.033    70
logitP[150]    1.033    71
logitP[151]    1.027    89
logitP[152]    1.022   110
logitP[153]    1.034    76
logitP[154]    1.001  2400
logitP[155]    1.026    90
logitP[156]    1.004   560
logitP[157]    1.028    83
logitP[158]    1.001  2800
logitP[159]    1.023    99
logitP[160]    1.001  2400
logitP[161]    1.030    77
logitP[162]    1.001  4500
logitP[163]    1.023   110
logitP[164]    1.001  4000
logitP[165]    1.029    78
logitP[166]    1.031    76
logitP[167]    1.023   110
logitP[168]    1.025   100
logitP[169]    1.035    70
logitP[170]    1.034    69
logitP[171]    1.037    69
logitP[172]    1.002  2000
logitP[173]    1.030    73
logitP[174]    1.034    70
logitP[175]    1.032    74
logitP[176]    1.030    81
logitP[177]    1.031    81
logitP[178]    1.001  4500
logitP[179]    1.024    99
logitP[180]    1.030    78
logitP[181]    1.001  2800
logitP[182]    1.033    67
logitP[183]    1.001  4500
logitP[184]    1.038    62
logitP[185]    1.042    55
logitP[186]    1.032    73
logitP[187]    1.026    92
logitP[188]    1.030    82
logitP[189]    1.038    59
logitP[190]    1.032    74
logitP[191]    1.023   100
logitP[192]    1.001  4500
logitP[193]    1.039    60
logitP[194]    1.035    66
logitP[195]    1.031    79
logitP[196]    1.033    73
logitP[197]    1.031    78
logitP[198]    1.001  4500
logitP[199]    1.034    67
logitP[200]    1.002  3600
logitP[201]    1.036    65
logitP[202]    1.047    51
logitP[203]    1.001  2800
logitP[204]    1.001  4500
logitP[205]    1.043    53
logitP[206]    1.001  4500
logitP[207]    1.046    52
logitP[208]    1.004   640
m2[1]          1.000     1
m2[2]          1.000     1
m2[3]          1.000     1
m2[4]          1.000     1
m2[5]          1.000     1
m2[6]          1.000     1
m2[7]          1.000     1
m2[8]          1.000     1
m2[9]          1.000     1
m2[10]         1.000     1
m2[11]         1.030    83
m2[12]         1.020   120
m2[13]         1.022   110
m2[14]         1.000     1
m2[15]         1.000     1
m2[16]         1.012   200
m2[17]         1.000     1
m2[18]         1.000     1
m2[19]         1.012   200
m2[20]         1.021   120
m2[21]         1.012   200
m2[22]         1.015   160
m2[23]         1.000     1
m2[24]         1.000     1
m2[25]         1.000     1
m2[26]         1.000     1
m2[27]         1.000     1
m2[28]         1.000     1
m2[29]         1.000     1
m2[30]         1.010   230
m2[31]         1.012   200
m2[32]         1.000     1
m2[33]         1.015   160
m2[34]         1.000     1
m2[35]         1.011   210
m2[36]         1.023   110
m2[37]         1.000     1
m2[38]         1.016   150
m2[39]         1.000     1
m2[40]         1.010   240
m2[41]         1.018   130
m2[42]         1.011   210
m2[43]         1.009   260
m2[44]         1.008   270
m2[45]         1.014   170
m2[46]         1.000     1
m2[47]         1.000     1
m2[48]         1.009   240
m2[49]         1.009   270
m2[50]         1.000     1
m2[51]         1.014   170
m2[52]         1.010   230
m2[53]         1.010   240
m2[54]         1.014   170
m2[55]         1.007   340
m2[56]         1.000     1
m2[57]         1.009   250
m2[58]         1.013   180
m2[59]         1.000     1
m2[60]         1.019   130
m2[61]         1.008   280
m2[62]         1.014   160
m2[63]         1.000     1
m2[64]         1.013   180
m2[65]         1.000     1
m2[66]         1.007   330
m2[67]         1.013   180
m2[68]         1.011   200
m2[69]         1.009   260
m2[70]         1.011   200
m2[71]         1.000     1
m2[72]         1.014   160
m2[73]         1.000     1
m2[74]         1.013   180
m2[75]         1.018   130
m2[76]         1.018   130
m2[77]         1.011   210
m2[78]         1.000     1
m2[79]         1.012   190
m2[80]         1.010   230
m2[81]         1.006   400
m2[82]         1.007   340
m2[83]         1.009   250
m2[84]         1.000     1
m2[85]         1.006   380
m2[86]         1.008   280
m2[87]         1.009   250
m2[88]         1.006   360
m2[89]         1.009   250
m2[90]         1.008   260
m2[91]         1.012   200
m2[92]         1.002  1300
m2[93]         1.006   370
m2[94]         1.010   220
m2[95]         1.010   230
m2[96]         1.008   280
m2[97]         1.014   170
m2[98]         1.000     1
m2[99]         1.007   300
m2[100]        1.006   360
m2[101]        1.009   250
m2[102]        1.000     1
m2[103]        1.005   460
m2[104]        1.006   390
m2[105]        1.008   280
m2[106]        1.011   210
m2[107]        1.012   190
m2[108]        1.012   190
m2[109]        1.000     1
m2[110]        1.000     1
m2[111]        1.013   170
m2[112]        1.010   220
m2[113]        1.006   370
m2[114]        1.008   270
m2[115]        1.000     1
m2[116]        1.006   350
m2[117]        1.015   150
m2[118]        1.009   250
m2[119]        1.000     1
m2[120]        1.009   250
m2[121]        1.000     1
m2[122]        1.012   180
m2[123]        1.000     1
m2[124]        1.007   320
m2[125]        1.006   370
m2[126]        1.004   620
m2[127]        1.005   520
m2[128]        1.014   170
m2[129]        1.012   190
m2[130]        1.012   190
m2[131]        1.003   950
m2[132]        1.008   280
m2[133]        1.005   450
m2[134]        1.000     1
m2[135]        1.009   240
m2[136]        1.007   330
m2[137]        1.009   250
m2[138]        1.000     1
m2[139]        1.008   300
m2[140]        1.006   370
m2[141]        1.000     1
m2[142]        1.011   210
m2[143]        1.000     1
m2[144]        1.007   310
m2[145]        1.000     1
m2[146]        1.010   230
m2[147]        1.000     1
m2[148]        1.019   130
m2[149]        1.013   180
m2[150]        1.013   180
m2[151]        1.007   300
m2[152]        1.009   240
m2[153]        1.009   270
m2[154]        1.000     1
m2[155]        1.009   260
m2[156]        1.000     1
m2[157]        1.009   260
m2[158]        1.000     1
m2[159]        1.004   530
m2[160]        1.000     1
m2[161]        1.007   330
m2[162]        1.000     1
m2[163]        1.007   310
m2[164]        1.000     1
m2[165]        1.007   300
m2[166]        1.008   290
m2[167]        1.007   310
m2[168]        1.007   310
m2[169]        1.009   260
m2[170]        1.018   130
m2[171]        1.014   170
m2[172]        1.000     1
m2[173]        1.013   180
m2[174]        1.013   180
m2[175]        1.014   170
m2[176]        1.009   260
m2[177]        1.010   230
m2[178]        1.000     1
m2[179]        1.007   330
m2[180]        1.012   200
m2[181]        1.000     1
m2[182]        1.009   260
m2[183]        1.000     1
m2[184]        1.016   150
m2[185]        1.014   160
m2[186]        1.011   210
m2[187]        1.005   420
m2[188]        1.010   240
m2[189]        1.014   170
m2[190]        1.014   160
m2[191]        1.009   260
m2[192]        1.000     1
m2[193]        1.015   160
m2[194]        1.016   150
m2[195]        1.017   140
m2[196]        1.009   260
m2[197]        1.014   170
m2[198]        1.000     1
m2[199]        1.020   120
m2[200]        1.000     1
m2[201]        1.017   140
m2[202]        1.024   100
m2[203]        1.000     1
m2[204]        1.000     1
m2[205]        1.017   140
m2[206]        1.000     1
m2[207]        1.017   140
m2[208]        1.000     1
sigmaP         1.298    11
sigmaU         1.268    11
sigmaeU        4.211     3
tauP           1.298    11
tauU           1.268    11
taueU          4.211     3

For each parameter, n.eff is a crude measure of effective sample size,
and Rhat is the potential scale reduction factor (at convergence, Rhat=1).

DIC info (using the rule, pD = var(deviance)/2)
pD = 0.0 and DIC = 1255.3
DIC is an estimate of expected predictive error (lower deviance is better).


*** Alternate DIC computation based on p_D = var(deviance)/2 
    D-bar:  1108.899 ;  var(dev):  312.4212 ; p.D:  156.2106 ; DIC:  1265.11



*** Summary of Unmarked Population Size ***
     mean        sd      2.5%       25%       50%       75%     97.5%      Rhat     n.eff 
1,286,626   104,950 1,123,896 1,212,229 1,271,668 1,344,791 1,526,804      1.00     1,100 


*** Summary of Total Population Size *** 
     mean        sd      2.5%       25%       50%       75%     97.5%      Rhat     n.eff 
1,367,932   104,950 1,205,202 1,293,535 1,352,974 1,426,097 1,608,110      1.00     1,100 




*** Summary of Quantiles of Run Timing *** 
    This is based on the sample weeks provided and the U[i] values 
       0%   10%   20%   30%   40%   50%    60%    70%    80%    90% 100%
Mean    2 27.72 49.65 57.66 68.61 95.52 107.79 138.31 176.18 190.92  210
Sd      0  1.99  1.60  1.51  8.71  7.73   8.57  15.08   6.87   6.09    0


